2026-04-24 01:22:42,029 - INFO - Successfully fetched movie/popular
2026-04-24 15:25:09,007 - INFO - Successfully fetched movie/popular
2026-04-24 15:37:02,333 - INFO - Successfully fetched movie/popular
2026-04-24 15:37:02,575 - INFO - Successfully fetched tv/popular
2026-04-24 15:42:23,267 - ERROR - Error fetching popular: 404 Client Error: Not Found for url: https://api.themoviedb.org/3/popular?page=1&api_key=677e6e7e8d31622f3fab75fc11ae3d21
2026-04-24 15:53:49,841 - INFO - Successfully fetched movie/popular
2026-04-24 15:53:49,913 - INFO - Successfully fetched tv/popular
2026-04-24 15:54:07,969 - INFO - Successfully fetched movie/popular
2026-04-24 15:54:08,042 - INFO - Successfully fetched tv/popular
2026-04-24 15:54:34,931 - INFO - Successfully fetched movie/popular
2026-04-24 15:54:35,009 - INFO - Successfully fetched tv/popular
2026-04-24 15:54:56,846 - INFO - Successfully fetched movie/popular
2026-04-24 15:54:56,929 - INFO - Successfully fetched tv/popular
2026-04-24 15:56:38,039 - INFO - Successfully fetched movie/popular
2026-04-24 15:56:38,065 - INFO - Successfully fetched tv/popular
2026-04-24 15:56:38,454 - INFO - Successfully fetched movie/1226863
2026-04-24 15:57:18,532 - INFO - Successfully fetched movie/popular
2026-04-24 15:57:18,601 - INFO - Successfully fetched tv/popular
2026-04-24 15:57:18,961 - INFO - Successfully fetched movie/1226863
2026-04-24 17:09:10,640 - INFO - Successfully fetched movie/popular
2026-04-24 17:09:10,679 - INFO - Successfully fetched tv/popular
2026-04-24 17:09:10,986 - INFO - Successfully fetched movie/1226863
2026-04-24 17:11:01,156 - INFO - Successfully fetched movie/popular
2026-04-24 17:11:01,289 - INFO - Successfully fetched tv/popular
2026-04-24 17:11:01,441 - INFO - Successfully fetched movie/1226863
2026-04-24 17:11:01,804 - INFO - Successfully fetched tv/124364
2026-04-24 17:11:02,119 - INFO - Successfully fetched movie/1226863/credits
2026-04-24 17:11:02,282 - INFO - Successfully fetched tv/124364/credits
2026-04-25 13:27:04,186 - INFO - Successfully fetched movie/popular
2026-04-25 13:27:04,350 - INFO - Successfully fetched tv/popular
2026-04-25 13:27:04,549 - INFO - Successfully fetched movie/1226863
2026-04-25 13:27:04,796 - INFO - Successfully fetched movie/1226863/credits
2026-04-25 13:27:05,106 - INFO - Successfully fetched movie/1523145
2026-04-25 13:27:05,294 - INFO - Successfully fetched movie/1523145/credits
2026-04-25 13:27:05,543 - INFO - Successfully fetched movie/1198994
2026-04-25 13:27:05,801 - INFO - Successfully fetched movie/1198994/credits
2026-04-26 00:43:04,246 - INFO - Successfully fetched movie/popular
2026-04-26 00:43:04,361 - INFO - Successfully fetched tv/popular
2026-04-26 00:43:04,613 - INFO - Successfully fetched movie/1226863
2026-04-26 00:43:04,863 - INFO - Successfully fetched movie/1226863/credits
2026-04-26 01:39:55,370 - INFO - Successfully fetched movie/popular
2026-04-26 01:39:55,386 - INFO - Successfully fetched tv/popular
2026-04-26 01:39:55,634 - INFO - Successfully fetched movie/1226863
2026-04-26 01:39:55,915 - INFO - Successfully fetched movie/1226863/credits
2026-04-26 01:39:56,236 - INFO - Successfully fetched movie/1523145
2026-04-26 01:39:56,487 - INFO - Successfully fetched movie/1523145/credits
2026-04-26 01:41:20,253 - INFO - Successfully fetched movie/popular
2026-04-26 01:41:20,300 - INFO - Successfully fetched tv/popular
2026-04-26 01:41:20,620 - INFO - Successfully fetched movie/1226863
2026-04-26 01:41:20,796 - INFO - Successfully fetched movie/1226863/credits
2026-04-26 01:41:21,048 - INFO - Successfully fetched movie/1523145
2026-04-26 01:41:21,298 - INFO - Successfully fetched movie/1523145/credits
2026-04-26 02:05:53,230 - INFO - Successfully fetched movie/popular
2026-04-26 02:05:53,245 - INFO - Successfully fetched tv/popular
2026-04-26 02:05:53,523 - INFO - Successfully fetched movie/1226863
2026-04-26 02:05:53,747 - INFO - Successfully fetched movie/1226863/credits
2026-04-26 02:05:53,999 - INFO - Successfully fetched movie/1523145
2026-04-26 02:05:54,346 - INFO - Successfully fetched movie/1523145/credits
2026-04-26 02:05:54,594 - INFO - Successfully fetched movie/1198994
2026-04-26 02:05:54,859 - INFO - Successfully fetched movie/1198994/credits
2026-04-26 02:05:55,126 - INFO - Successfully fetched movie/980431
2026-04-26 02:05:55,347 - INFO - Successfully fetched movie/980431/credits
2026-04-26 02:05:55,624 - INFO - Successfully fetched movie/83533
2026-04-26 02:05:55,934 - INFO - Successfully fetched movie/83533/credits
2026-04-26 02:05:56,090 - INFO - Successfully fetched movie/936075
2026-04-26 02:05:56,352 - INFO - Successfully fetched movie/936075/credits
2026-04-26 02:05:56,647 - INFO - Successfully fetched movie/1613798
2026-04-26 02:05:56,840 - INFO - Successfully fetched movie/1613798/credits
2026-04-26 02:05:57,089 - INFO - Successfully fetched movie/1318447
2026-04-26 02:05:57,467 - INFO - Successfully fetched movie/1318447/credits
2026-04-26 02:05:57,671 - INFO - Successfully fetched movie/687163
2026-04-26 02:05:57,845 - INFO - Successfully fetched movie/687163/credits
2026-04-26 02:05:58,098 - INFO - Successfully fetched movie/1470130
2026-04-26 02:05:58,346 - INFO - Successfully fetched movie/1470130/credits
2026-04-26 02:05:58,596 - INFO - Successfully fetched movie/1290821
2026-04-26 02:05:58,848 - INFO - Successfully fetched movie/1290821/credits
2026-04-26 02:05:59,143 - INFO - Successfully fetched movie/1327819
2026-04-26 02:05:59,355 - INFO - Successfully fetched movie/1327819/credits
2026-04-26 02:05:59,646 - INFO - Successfully fetched movie/1352874
2026-04-26 02:05:59,855 - INFO - Successfully fetched movie/1352874/credits
2026-04-26 02:06:00,106 - INFO - Successfully fetched movie/1297842
2026-04-26 02:06:00,360 - INFO - Successfully fetched movie/1297842/credits
2026-04-26 02:06:00,598 - INFO - Successfully fetched movie/1171145
2026-04-26 02:06:00,854 - INFO - Successfully fetched movie/1171145/credits
2026-04-26 02:06:01,102 - INFO - Successfully fetched movie/1641319
2026-04-26 02:06:01,362 - INFO - Successfully fetched movie/1641319/credits
2026-04-26 02:06:01,599 - INFO - Successfully fetched movie/840464
2026-04-26 02:06:01,863 - INFO - Successfully fetched movie/840464/credits
2026-04-26 02:06:02,108 - INFO - Successfully fetched movie/1290417
2026-04-26 02:06:02,355 - INFO - Successfully fetched movie/1290417/credits
2026-04-26 02:06:02,602 - INFO - Successfully fetched movie/1311031
2026-04-26 02:06:02,899 - INFO - Successfully fetched movie/1311031/credits
2026-04-26 02:06:03,114 - INFO - Successfully fetched movie/1304313
2026-04-26 02:06:03,370 - INFO - Successfully fetched movie/1304313/credits
2026-04-26 02:06:03,603 - INFO - Successfully fetched tv/124364
2026-04-26 02:06:03,860 - INFO - Successfully fetched tv/124364/credits
2026-04-26 02:06:04,101 - INFO - Successfully fetched tv/76479
2026-04-26 02:06:04,358 - INFO - Successfully fetched tv/76479/credits
2026-04-26 02:06:04,623 - INFO - Successfully fetched tv/85552
2026-04-26 02:06:04,900 - INFO - Successfully fetched tv/85552/credits
2026-04-26 02:06:05,114 - INFO - Successfully fetched tv/79744
2026-04-26 02:06:05,363 - INFO - Successfully fetched tv/79744/credits
2026-04-26 02:06:05,620 - INFO - Successfully fetched tv/95557
2026-04-26 02:06:05,869 - INFO - Successfully fetched tv/95557/credits
2026-04-26 02:06:06,172 - INFO - Successfully fetched tv/2734
2026-04-26 02:06:06,368 - INFO - Successfully fetched tv/2734/credits
2026-04-26 02:06:06,606 - INFO - Successfully fetched tv/206122
2026-04-26 02:06:06,858 - INFO - Successfully fetched tv/206122/credits
2026-04-26 02:06:07,197 - INFO - Successfully fetched tv/549
2026-04-26 02:06:07,366 - INFO - Successfully fetched tv/549/credits
2026-04-26 02:06:07,615 - INFO - Successfully fetched tv/4614
2026-04-26 02:06:07,866 - INFO - Successfully fetched tv/4614/credits
2026-04-26 02:06:08,221 - INFO - Successfully fetched tv/1416
2026-04-26 02:06:08,370 - INFO - Successfully fetched tv/1416/credits
2026-04-26 02:06:08,621 - INFO - Successfully fetched tv/1622
2026-04-26 02:06:08,873 - INFO - Successfully fetched tv/1622/credits
2026-04-26 02:06:09,245 - INFO - Successfully fetched tv/764
2026-04-26 02:06:09,373 - INFO - Successfully fetched tv/764/credits
2026-04-26 02:06:09,617 - INFO - Successfully fetched tv/5920
2026-04-26 02:06:09,963 - INFO - Successfully fetched tv/5920/credits
2026-04-26 02:06:10,121 - INFO - Successfully fetched tv/110075
2026-04-26 02:06:10,374 - INFO - Successfully fetched tv/110075/credits
2026-04-26 02:06:10,621 - INFO - Successfully fetched tv/59941
2026-04-26 02:06:10,872 - INFO - Successfully fetched tv/59941/credits
2026-04-26 02:06:11,124 - INFO - Successfully fetched tv/1399
2026-04-26 02:06:11,377 - INFO - Successfully fetched tv/1399/credits
2026-04-26 02:06:11,629 - INFO - Successfully fetched tv/1911
2026-04-26 02:06:11,877 - INFO - Successfully fetched tv/1911/credits
2026-04-26 02:06:12,126 - INFO - Successfully fetched tv/113137
2026-04-26 02:06:12,382 - INFO - Successfully fetched tv/113137/credits
2026-04-26 02:06:12,726 - INFO - Successfully fetched tv/34307
2026-04-26 02:06:12,882 - INFO - Successfully fetched tv/34307/credits
2026-04-26 02:06:13,136 - INFO - Successfully fetched tv/60574
2026-04-26 02:06:13,376 - INFO - Successfully fetched tv/60574/credits
2026-04-26 02:09:22,160 - INFO - Successfully fetched movie/popular
2026-04-26 02:09:22,176 - INFO - Successfully fetched tv/popular
2026-04-26 02:09:22,429 - INFO - Successfully fetched movie/1226863
2026-04-26 02:09:22,676 - INFO - Successfully fetched movie/1226863/credits
2026-04-26 02:09:22,926 - INFO - Successfully fetched movie/1523145
2026-04-26 02:09:23,205 - INFO - Successfully fetched movie/1523145/credits
2026-04-26 02:09:23,455 - INFO - Successfully fetched movie/1198994
2026-04-26 02:09:23,710 - INFO - Successfully fetched movie/1198994/credits
2026-04-26 02:09:23,958 - INFO - Successfully fetched movie/980431
2026-04-26 02:09:24,209 - INFO - Successfully fetched movie/980431/credits
2026-04-26 02:09:24,461 - INFO - Successfully fetched movie/83533
2026-04-26 02:09:24,709 - INFO - Successfully fetched movie/83533/credits
2026-04-26 02:09:24,962 - INFO - Successfully fetched movie/936075
2026-04-26 02:09:25,211 - INFO - Successfully fetched movie/936075/credits
2026-04-26 02:09:25,459 - INFO - Successfully fetched movie/1613798
2026-04-26 02:09:25,713 - INFO - Successfully fetched movie/1613798/credits
2026-04-26 02:09:25,961 - INFO - Successfully fetched movie/1318447
2026-04-26 02:09:26,214 - INFO - Successfully fetched movie/1318447/credits
2026-04-26 02:09:26,462 - INFO - Successfully fetched movie/687163
2026-04-26 02:09:26,746 - INFO - Successfully fetched movie/687163/credits
2026-04-26 02:09:26,967 - INFO - Successfully fetched movie/1470130
2026-04-26 02:09:27,216 - INFO - Successfully fetched movie/1470130/credits
2026-04-26 02:09:27,464 - INFO - Successfully fetched movie/1290821
2026-04-26 02:09:27,714 - INFO - Successfully fetched movie/1290821/credits
2026-04-26 02:09:28,034 - INFO - Successfully fetched movie/1327819
2026-04-26 02:09:28,213 - INFO - Successfully fetched movie/1327819/credits
2026-04-26 02:09:28,470 - INFO - Successfully fetched movie/1352874
2026-04-26 02:09:28,717 - INFO - Successfully fetched movie/1352874/credits
2026-04-26 02:09:28,967 - INFO - Successfully fetched movie/1297842
2026-04-26 02:09:29,230 - INFO - Successfully fetched movie/1297842/credits
2026-04-26 02:09:29,522 - INFO - Successfully fetched movie/1171145
2026-04-26 02:09:29,722 - INFO - Successfully fetched movie/1171145/credits
2026-04-26 02:09:29,968 - INFO - Successfully fetched movie/1641319
2026-04-26 02:09:30,221 - INFO - Successfully fetched movie/1641319/credits
2026-04-26 02:09:30,469 - INFO - Successfully fetched movie/840464
2026-04-26 02:09:30,787 - INFO - Successfully fetched movie/840464/credits
2026-04-26 02:09:30,973 - INFO - Successfully fetched movie/1290417
2026-04-26 02:09:31,219 - INFO - Successfully fetched movie/1290417/credits
2026-04-26 02:09:31,471 - INFO - Successfully fetched movie/1311031
2026-04-26 02:09:31,726 - INFO - Successfully fetched movie/1311031/credits
2026-04-26 02:09:31,971 - INFO - Successfully fetched movie/1304313
2026-04-26 02:09:32,222 - INFO - Successfully fetched movie/1304313/credits
2026-04-26 02:09:32,471 - INFO - Successfully fetched tv/124364
2026-04-26 02:09:32,729 - INFO - Successfully fetched tv/124364/credits
2026-04-26 02:09:32,977 - INFO - Successfully fetched tv/76479
2026-04-26 02:09:33,226 - INFO - Successfully fetched tv/76479/credits
2026-04-26 02:09:33,476 - INFO - Successfully fetched tv/85552
2026-04-26 02:09:33,725 - INFO - Successfully fetched tv/85552/credits
2026-04-26 02:09:33,981 - INFO - Successfully fetched tv/79744
2026-04-26 02:09:34,230 - INFO - Successfully fetched tv/79744/credits
2026-04-26 02:09:34,480 - INFO - Successfully fetched tv/95557
2026-04-26 02:09:34,732 - INFO - Successfully fetched tv/95557/credits
2026-04-26 02:09:34,980 - INFO - Successfully fetched tv/2734
2026-04-26 02:09:35,228 - INFO - Successfully fetched tv/2734/credits
2026-04-26 02:09:35,481 - INFO - Successfully fetched tv/206122
2026-04-26 02:09:35,733 - INFO - Successfully fetched tv/206122/credits
2026-04-26 02:09:36,050 - INFO - Successfully fetched tv/549
2026-04-26 02:09:36,232 - INFO - Successfully fetched tv/549/credits
2026-04-26 02:09:36,487 - INFO - Successfully fetched tv/4614
2026-04-26 02:09:36,737 - INFO - Successfully fetched tv/4614/credits
2026-04-26 02:09:37,053 - INFO - Successfully fetched tv/1416
2026-04-26 02:09:37,234 - INFO - Successfully fetched tv/1416/credits
2026-04-26 02:09:37,488 - INFO - Successfully fetched tv/1622
2026-04-26 02:09:37,737 - INFO - Successfully fetched tv/1622/credits
2026-04-26 02:09:37,992 - INFO - Successfully fetched tv/764
2026-04-26 02:09:38,237 - INFO - Successfully fetched tv/764/credits
2026-04-26 02:09:38,487 - INFO - Successfully fetched tv/5920
2026-04-26 02:09:38,742 - INFO - Successfully fetched tv/5920/credits
2026-04-26 02:09:38,990 - INFO - Successfully fetched tv/110075
2026-04-26 02:09:39,299 - INFO - Successfully fetched tv/110075/credits
2026-04-26 02:09:39,495 - INFO - Successfully fetched tv/59941
2026-04-26 02:09:39,741 - INFO - Successfully fetched tv/59941/credits
2026-04-26 02:09:39,992 - INFO - Successfully fetched tv/1399
2026-04-26 02:09:40,244 - INFO - Successfully fetched tv/1399/credits
2026-04-26 02:09:40,493 - INFO - Successfully fetched tv/1911
2026-04-26 02:09:40,742 - INFO - Successfully fetched tv/1911/credits
2026-04-26 02:09:40,994 - INFO - Successfully fetched tv/113137
2026-04-26 02:09:41,245 - INFO - Successfully fetched tv/113137/credits
2026-04-26 02:09:41,499 - INFO - Successfully fetched tv/34307
2026-04-26 02:09:41,749 - INFO - Successfully fetched tv/34307/credits
2026-04-26 02:09:41,998 - INFO - Successfully fetched tv/60574
2026-04-26 02:09:42,253 - INFO - Successfully fetched tv/60574/credits
2026-04-26 02:10:07,634 - INFO - Successfully fetched movie/popular
2026-04-26 02:10:07,675 - INFO - Successfully fetched tv/popular
2026-04-26 02:10:07,950 - INFO - Successfully fetched movie/1226863
2026-04-26 02:10:08,181 - INFO - Successfully fetched movie/1226863/credits
2026-04-26 02:10:08,428 - INFO - Successfully fetched movie/1523145
2026-04-26 02:10:08,678 - INFO - Successfully fetched movie/1523145/credits
2026-04-26 02:10:08,928 - INFO - Successfully fetched movie/1198994
2026-04-26 02:10:09,230 - INFO - Successfully fetched movie/1198994/credits
2026-04-26 02:10:09,429 - INFO - Successfully fetched movie/980431
2026-04-26 02:10:09,682 - INFO - Successfully fetched movie/980431/credits
2026-04-26 02:10:09,934 - INFO - Successfully fetched movie/83533
2026-04-26 02:10:10,181 - INFO - Successfully fetched movie/83533/credits
2026-04-26 02:10:10,470 - INFO - Successfully fetched movie/936075
2026-04-26 02:10:10,686 - INFO - Successfully fetched movie/936075/credits
2026-04-26 02:10:10,940 - INFO - Successfully fetched movie/1613798
2026-04-26 02:10:11,189 - INFO - Successfully fetched movie/1613798/credits
2026-04-26 02:10:11,436 - INFO - Successfully fetched movie/1318447
2026-04-26 02:10:11,694 - INFO - Successfully fetched movie/1318447/credits
2026-04-26 02:10:11,935 - INFO - Successfully fetched movie/687163
2026-04-26 02:10:12,188 - INFO - Successfully fetched movie/687163/credits
2026-04-26 02:10:12,434 - INFO - Successfully fetched movie/1470130
2026-04-26 02:10:12,689 - INFO - Successfully fetched movie/1470130/credits
2026-04-26 02:10:12,940 - INFO - Successfully fetched movie/1290821
2026-04-26 02:10:13,192 - INFO - Successfully fetched movie/1290821/credits
2026-04-26 02:10:13,438 - INFO - Successfully fetched movie/1327819
2026-04-26 02:10:13,689 - INFO - Successfully fetched movie/1327819/credits
2026-04-26 02:10:13,938 - INFO - Successfully fetched movie/1352874
2026-04-26 02:10:14,197 - INFO - Successfully fetched movie/1352874/credits
2026-04-26 02:10:14,441 - INFO - Successfully fetched movie/1297842
2026-04-26 02:10:14,698 - INFO - Successfully fetched movie/1297842/credits
2026-04-26 02:10:14,961 - INFO - Successfully fetched movie/1171145
2026-04-26 02:10:15,199 - INFO - Successfully fetched movie/1171145/credits
2026-04-26 02:10:15,503 - INFO - Successfully fetched movie/1641319
2026-04-26 02:10:15,803 - INFO - Successfully fetched movie/1641319/credits
2026-04-26 02:10:15,974 - INFO - Successfully fetched movie/840464
2026-04-26 02:10:16,221 - INFO - Successfully fetched movie/840464/credits
2026-04-26 02:10:16,450 - INFO - Successfully fetched movie/1290417
2026-04-26 02:10:16,692 - INFO - Successfully fetched movie/1290417/credits
2026-04-26 02:10:16,946 - INFO - Successfully fetched movie/1311031
2026-04-26 02:10:17,202 - INFO - Successfully fetched movie/1311031/credits
2026-04-26 02:10:17,448 - INFO - Successfully fetched movie/1304313
2026-04-26 02:10:17,701 - INFO - Successfully fetched movie/1304313/credits
2026-04-26 02:10:17,948 - INFO - Successfully fetched tv/124364
2026-04-26 02:10:18,197 - INFO - Successfully fetched tv/124364/credits
2026-04-26 02:10:18,447 - INFO - Successfully fetched tv/76479
2026-04-26 02:10:18,701 - INFO - Successfully fetched tv/76479/credits
2026-04-26 02:10:18,951 - INFO - Successfully fetched tv/85552
2026-04-26 02:10:19,201 - INFO - Successfully fetched tv/85552/credits
2026-04-26 02:10:19,451 - INFO - Successfully fetched tv/79744
2026-04-26 02:10:19,703 - INFO - Successfully fetched tv/79744/credits
2026-04-26 02:10:19,953 - INFO - Successfully fetched tv/95557
2026-04-26 02:10:20,207 - INFO - Successfully fetched tv/95557/credits
2026-04-26 02:10:20,453 - INFO - Successfully fetched tv/2734
2026-04-26 02:10:20,757 - INFO - Successfully fetched tv/2734/credits
2026-04-26 02:10:21,002 - INFO - Successfully fetched tv/206122
2026-04-26 02:10:21,201 - INFO - Successfully fetched tv/206122/credits
2026-04-26 02:10:21,459 - INFO - Successfully fetched tv/549
2026-04-26 02:10:21,705 - INFO - Successfully fetched tv/549/credits
2026-04-26 02:10:21,956 - INFO - Successfully fetched tv/4614
2026-04-26 02:10:22,205 - INFO - Successfully fetched tv/4614/credits
2026-04-26 02:10:22,511 - INFO - Successfully fetched tv/1416
2026-04-26 02:10:22,713 - INFO - Successfully fetched tv/1416/credits
2026-04-26 02:10:22,961 - INFO - Successfully fetched tv/1622
2026-04-26 02:10:23,207 - INFO - Successfully fetched tv/1622/credits
2026-04-26 02:10:23,459 - INFO - Successfully fetched tv/764
2026-04-26 02:10:23,710 - INFO - Successfully fetched tv/764/credits
2026-04-26 02:10:23,959 - INFO - Successfully fetched tv/5920
2026-04-26 02:10:24,213 - INFO - Successfully fetched tv/5920/credits
2026-04-26 02:10:24,509 - INFO - Successfully fetched tv/110075
2026-04-26 02:10:24,712 - INFO - Successfully fetched tv/110075/credits
2026-04-26 02:10:24,963 - INFO - Successfully fetched tv/59941
2026-04-26 02:10:25,211 - INFO - Successfully fetched tv/59941/credits
2026-04-26 02:10:25,462 - INFO - Successfully fetched tv/1399
2026-04-26 02:10:25,713 - INFO - Successfully fetched tv/1399/credits
2026-04-26 02:10:25,965 - INFO - Successfully fetched tv/1911
2026-04-26 02:10:26,215 - INFO - Successfully fetched tv/1911/credits
2026-04-26 02:10:26,472 - INFO - Successfully fetched tv/113137
2026-04-26 02:10:26,717 - INFO - Successfully fetched tv/113137/credits
2026-04-26 02:10:26,965 - INFO - Successfully fetched tv/34307
2026-04-26 02:10:27,215 - INFO - Successfully fetched tv/34307/credits
2026-04-26 02:10:27,465 - INFO - Successfully fetched tv/60574
2026-04-26 02:10:27,717 - INFO - Successfully fetched tv/60574/credits
2026-04-26 02:11:43,316 - INFO - Successfully fetched movie/popular
2026-04-26 02:11:43,326 - INFO - Successfully fetched tv/popular
2026-04-26 02:11:43,580 - INFO - Successfully fetched movie/1226863
2026-04-26 02:11:43,829 - INFO - Successfully fetched movie/1226863/credits
2026-04-26 02:11:44,075 - INFO - Successfully fetched movie/1523145
2026-04-26 02:11:44,328 - INFO - Successfully fetched movie/1523145/credits
2026-04-26 02:11:44,582 - INFO - Successfully fetched movie/1198994
2026-04-26 02:11:44,833 - INFO - Successfully fetched movie/1198994/credits
2026-04-26 02:11:45,078 - INFO - Successfully fetched movie/980431
2026-04-26 02:11:45,330 - INFO - Successfully fetched movie/980431/credits
2026-04-26 02:11:45,582 - INFO - Successfully fetched movie/83533
2026-04-26 02:11:45,836 - INFO - Successfully fetched movie/83533/credits
2026-04-26 02:11:46,085 - INFO - Successfully fetched movie/936075
2026-04-26 02:11:46,338 - INFO - Successfully fetched movie/936075/credits
2026-04-26 02:11:46,588 - INFO - Successfully fetched movie/1613798
2026-04-26 02:11:46,839 - INFO - Successfully fetched movie/1613798/credits
2026-04-26 02:11:47,091 - INFO - Successfully fetched movie/1318447
2026-04-26 02:11:47,345 - INFO - Successfully fetched movie/1318447/credits
2026-04-26 02:11:47,588 - INFO - Successfully fetched movie/687163
2026-04-26 02:11:47,846 - INFO - Successfully fetched movie/687163/credits
2026-04-26 02:11:48,093 - INFO - Successfully fetched movie/1470130
2026-04-26 02:11:48,344 - INFO - Successfully fetched movie/1470130/credits
2026-04-26 02:11:48,591 - INFO - Successfully fetched movie/1290821
2026-04-26 02:11:48,846 - INFO - Successfully fetched movie/1290821/credits
2026-04-26 02:11:49,094 - INFO - Successfully fetched movie/1327819
2026-04-26 02:11:49,350 - INFO - Successfully fetched movie/1327819/credits
2026-04-26 02:11:49,598 - INFO - Successfully fetched movie/1352874
2026-04-26 02:11:49,845 - INFO - Successfully fetched movie/1352874/credits
2026-04-26 02:11:50,094 - INFO - Successfully fetched movie/1297842
2026-04-26 02:11:50,347 - INFO - Successfully fetched movie/1297842/credits
2026-04-26 02:11:50,594 - INFO - Successfully fetched movie/1171145
2026-04-26 02:11:50,850 - INFO - Successfully fetched movie/1171145/credits
2026-04-26 02:11:51,095 - INFO - Successfully fetched movie/1641319
2026-04-26 02:11:51,353 - INFO - Successfully fetched movie/1641319/credits
2026-04-26 02:11:51,596 - INFO - Successfully fetched movie/840464
2026-04-26 02:11:51,850 - INFO - Successfully fetched movie/840464/credits
2026-04-26 02:11:52,099 - INFO - Successfully fetched movie/1290417
2026-04-26 02:11:52,351 - INFO - Successfully fetched movie/1290417/credits
2026-04-26 02:11:52,600 - INFO - Successfully fetched movie/1311031
2026-04-26 02:11:52,855 - INFO - Successfully fetched movie/1311031/credits
2026-04-26 02:11:53,101 - INFO - Successfully fetched movie/1304313
2026-04-26 02:11:53,349 - INFO - Successfully fetched movie/1304313/credits
2026-04-26 02:11:53,602 - INFO - Successfully fetched tv/124364
2026-04-26 02:11:53,851 - INFO - Successfully fetched tv/124364/credits
2026-04-26 02:11:54,104 - INFO - Successfully fetched tv/76479
2026-04-26 02:11:54,355 - INFO - Successfully fetched tv/76479/credits
2026-04-26 02:11:54,606 - INFO - Successfully fetched tv/85552
2026-04-26 02:11:54,858 - INFO - Successfully fetched tv/85552/credits
2026-04-26 02:11:55,108 - INFO - Successfully fetched tv/79744
2026-04-26 02:11:55,355 - INFO - Successfully fetched tv/79744/credits
2026-04-26 02:11:55,609 - INFO - Successfully fetched tv/95557
2026-04-26 02:11:55,856 - INFO - Successfully fetched tv/95557/credits
2026-04-26 02:11:56,108 - INFO - Successfully fetched tv/2734
2026-04-26 02:11:56,362 - INFO - Successfully fetched tv/2734/credits
2026-04-26 02:11:56,606 - INFO - Successfully fetched tv/206122
2026-04-26 02:11:56,856 - INFO - Successfully fetched tv/206122/credits
2026-04-26 02:11:57,109 - INFO - Successfully fetched tv/549
2026-04-26 02:11:57,359 - INFO - Successfully fetched tv/549/credits
2026-04-26 02:11:57,611 - INFO - Successfully fetched tv/4614
2026-04-26 02:11:57,862 - INFO - Successfully fetched tv/4614/credits
2026-04-26 02:11:58,115 - INFO - Successfully fetched tv/1416
2026-04-26 02:11:58,364 - INFO - Successfully fetched tv/1416/credits
2026-04-26 02:11:58,626 - INFO - Successfully fetched tv/1622
2026-04-26 02:11:58,862 - INFO - Successfully fetched tv/1622/credits
2026-04-26 02:11:59,111 - INFO - Successfully fetched tv/764
2026-04-26 02:11:59,365 - INFO - Successfully fetched tv/764/credits
2026-04-26 02:11:59,614 - INFO - Successfully fetched tv/5920
2026-04-26 02:11:59,868 - INFO - Successfully fetched tv/5920/credits
2026-04-26 02:12:00,114 - INFO - Successfully fetched tv/110075
2026-04-26 02:12:00,365 - INFO - Successfully fetched tv/110075/credits
2026-04-26 02:12:00,615 - INFO - Successfully fetched tv/59941
2026-04-26 02:12:00,864 - INFO - Successfully fetched tv/59941/credits
2026-04-26 02:12:01,118 - INFO - Successfully fetched tv/1399
2026-04-26 02:12:01,369 - INFO - Successfully fetched tv/1399/credits
2026-04-26 02:12:01,619 - INFO - Successfully fetched tv/1911
2026-04-26 02:12:01,869 - INFO - Successfully fetched tv/1911/credits
2026-04-26 02:12:02,118 - INFO - Successfully fetched tv/113137
2026-04-26 02:12:02,381 - INFO - Successfully fetched tv/113137/credits
2026-04-26 02:12:02,622 - INFO - Successfully fetched tv/34307
2026-04-26 02:12:02,869 - INFO - Successfully fetched tv/34307/credits
2026-04-26 02:12:03,118 - INFO - Successfully fetched tv/60574
2026-04-26 02:12:03,372 - INFO - Successfully fetched tv/60574/credits
2026-04-26 02:13:06,227 - INFO - Successfully fetched movie/popular
2026-04-26 02:13:06,238 - INFO - Successfully fetched tv/popular
2026-04-26 02:13:06,491 - INFO - Successfully fetched movie/1226863
2026-04-26 02:13:06,744 - INFO - Successfully fetched movie/1226863/credits
2026-04-26 02:13:06,992 - INFO - Successfully fetched movie/1523145
2026-04-26 02:13:07,241 - INFO - Successfully fetched movie/1523145/credits
2026-04-26 02:13:07,493 - INFO - Successfully fetched movie/1198994
2026-04-26 02:13:07,744 - INFO - Successfully fetched movie/1198994/credits
2026-04-26 02:13:07,997 - INFO - Successfully fetched movie/980431
2026-04-26 02:13:08,256 - INFO - Successfully fetched movie/980431/credits
2026-04-26 02:13:08,495 - INFO - Successfully fetched movie/83533
2026-04-26 02:13:08,748 - INFO - Successfully fetched movie/83533/credits
2026-04-26 02:13:08,997 - INFO - Successfully fetched movie/936075
2026-04-26 02:13:09,253 - INFO - Successfully fetched movie/936075/credits
2026-04-26 02:13:09,496 - INFO - Successfully fetched movie/1613798
2026-04-26 02:13:09,751 - INFO - Successfully fetched movie/1613798/credits
2026-04-26 02:13:10,000 - INFO - Successfully fetched movie/1318447
2026-04-26 02:13:10,248 - INFO - Successfully fetched movie/1318447/credits
2026-04-26 02:13:10,501 - INFO - Successfully fetched movie/687163
2026-04-26 02:13:10,753 - INFO - Successfully fetched movie/687163/credits
2026-04-26 02:13:11,000 - INFO - Successfully fetched movie/1470130
2026-04-26 02:13:11,252 - INFO - Successfully fetched movie/1470130/credits
2026-04-26 02:13:11,503 - INFO - Successfully fetched movie/1290821
2026-04-26 02:13:11,755 - INFO - Successfully fetched movie/1290821/credits
2026-04-26 02:13:12,004 - INFO - Successfully fetched movie/1327819
2026-04-26 02:13:12,263 - INFO - Successfully fetched movie/1327819/credits
2026-04-26 02:13:12,505 - INFO - Successfully fetched movie/1352874
2026-04-26 02:13:12,758 - INFO - Successfully fetched movie/1352874/credits
2026-04-26 02:13:13,012 - INFO - Successfully fetched movie/1297842
2026-04-26 02:13:13,259 - INFO - Successfully fetched movie/1297842/credits
2026-04-26 02:13:13,506 - INFO - Successfully fetched movie/1171145
2026-04-26 02:13:13,762 - INFO - Successfully fetched movie/1171145/credits
2026-04-26 02:13:14,010 - INFO - Successfully fetched movie/1641319
2026-04-26 02:13:14,262 - INFO - Successfully fetched movie/1641319/credits
2026-04-26 02:13:14,507 - INFO - Successfully fetched movie/840464
2026-04-26 02:13:14,759 - INFO - Successfully fetched movie/840464/credits
2026-04-26 02:13:15,013 - INFO - Successfully fetched movie/1290417
2026-04-26 02:13:15,260 - INFO - Successfully fetched movie/1290417/credits
2026-04-26 02:13:15,518 - INFO - Successfully fetched movie/1311031
2026-04-26 02:13:15,762 - INFO - Successfully fetched movie/1311031/credits
2026-04-26 02:13:16,013 - INFO - Successfully fetched movie/1304313
2026-04-26 02:13:16,263 - INFO - Successfully fetched movie/1304313/credits
2026-04-26 02:13:16,512 - INFO - Successfully fetched tv/124364
2026-04-26 02:13:16,765 - INFO - Successfully fetched tv/124364/credits
2026-04-26 02:13:17,013 - INFO - Successfully fetched tv/76479
2026-04-26 02:13:17,265 - INFO - Successfully fetched tv/76479/credits
2026-04-26 02:13:17,520 - INFO - Successfully fetched tv/85552
2026-04-26 02:13:17,767 - INFO - Successfully fetched tv/85552/credits
2026-04-26 02:13:18,016 - INFO - Successfully fetched tv/79744
2026-04-26 02:13:18,265 - INFO - Successfully fetched tv/79744/credits
2026-04-26 02:13:18,514 - INFO - Successfully fetched tv/95557
2026-04-26 02:13:18,767 - INFO - Successfully fetched tv/95557/credits
2026-04-26 02:13:19,016 - INFO - Successfully fetched tv/2734
2026-04-26 02:13:19,274 - INFO - Successfully fetched tv/2734/credits
2026-04-26 02:13:19,520 - INFO - Successfully fetched tv/206122
2026-04-26 02:13:19,771 - INFO - Successfully fetched tv/206122/credits
2026-04-26 02:13:20,022 - INFO - Successfully fetched tv/549
2026-04-26 02:13:20,272 - INFO - Successfully fetched tv/549/credits
2026-04-26 02:13:20,519 - INFO - Successfully fetched tv/4614
2026-04-26 02:13:20,769 - INFO - Successfully fetched tv/4614/credits
2026-04-26 02:13:21,025 - INFO - Successfully fetched tv/1416
2026-04-26 02:13:21,279 - INFO - Successfully fetched tv/1416/credits
2026-04-26 02:13:21,525 - INFO - Successfully fetched tv/1622
2026-04-26 02:13:21,776 - INFO - Successfully fetched tv/1622/credits
2026-04-26 02:13:22,023 - INFO - Successfully fetched tv/764
2026-04-26 02:13:22,277 - INFO - Successfully fetched tv/764/credits
2026-04-26 02:13:22,527 - INFO - Successfully fetched tv/5920
2026-04-26 02:13:22,778 - INFO - Successfully fetched tv/5920/credits
2026-04-26 02:13:23,032 - INFO - Successfully fetched tv/110075
2026-04-26 02:13:23,287 - INFO - Successfully fetched tv/110075/credits
2026-04-26 02:13:23,532 - INFO - Successfully fetched tv/59941
2026-04-26 02:13:23,781 - INFO - Successfully fetched tv/59941/credits
2026-04-26 02:13:24,034 - INFO - Successfully fetched tv/1399
2026-04-26 02:13:24,282 - INFO - Successfully fetched tv/1399/credits
2026-04-26 02:13:24,542 - INFO - Successfully fetched tv/1911
2026-04-26 02:13:24,785 - INFO - Successfully fetched tv/1911/credits
2026-04-26 02:13:25,036 - INFO - Successfully fetched tv/113137
2026-04-26 02:13:25,287 - INFO - Successfully fetched tv/113137/credits
2026-04-26 02:13:25,538 - INFO - Successfully fetched tv/34307
2026-04-26 02:13:25,789 - INFO - Successfully fetched tv/34307/credits
2026-04-26 02:13:26,038 - INFO - Successfully fetched tv/60574
2026-04-26 02:13:26,290 - INFO - Successfully fetched tv/60574/credits
2026-04-26 02:29:40,170 - INFO - Successfully fetched movie/popular
2026-04-26 02:29:40,182 - INFO - Successfully fetched tv/popular
2026-04-26 02:29:40,434 - INFO - Successfully fetched movie/1226863
2026-04-26 02:29:40,688 - INFO - Successfully fetched movie/1226863/credits
2026-04-26 02:29:40,937 - INFO - Successfully fetched movie/1523145
2026-04-26 02:29:41,187 - INFO - Successfully fetched movie/1523145/credits
2026-04-26 02:29:41,438 - INFO - Successfully fetched movie/1198994
2026-04-26 02:29:41,692 - INFO - Successfully fetched movie/1198994/credits
2026-04-26 02:29:42,044 - INFO - Successfully fetched movie/980431
2026-04-26 02:29:42,190 - INFO - Successfully fetched movie/980431/credits
2026-04-26 02:29:42,477 - INFO - Successfully fetched movie/83533
2026-04-26 02:29:42,789 - INFO - Successfully fetched movie/83533/credits
2026-04-26 02:29:42,942 - INFO - Successfully fetched movie/936075
2026-04-26 02:29:43,193 - INFO - Successfully fetched movie/936075/credits
2026-04-26 02:29:43,446 - INFO - Successfully fetched movie/1613798
2026-04-26 02:29:43,691 - INFO - Successfully fetched movie/1613798/credits
2026-04-26 02:29:43,945 - INFO - Successfully fetched movie/1318447
2026-04-26 02:29:44,194 - INFO - Successfully fetched movie/1318447/credits
2026-04-26 02:29:44,442 - INFO - Successfully fetched movie/687163
2026-04-26 02:29:44,699 - INFO - Successfully fetched movie/687163/credits
2026-04-26 02:29:44,943 - INFO - Successfully fetched movie/1470130
2026-04-26 02:29:45,194 - INFO - Successfully fetched movie/1470130/credits
2026-04-26 02:29:45,448 - INFO - Successfully fetched movie/1290821
2026-04-26 02:29:45,697 - INFO - Successfully fetched movie/1290821/credits
2026-04-26 02:29:45,948 - INFO - Successfully fetched movie/1327819
2026-04-26 02:29:46,201 - INFO - Successfully fetched movie/1327819/credits
2026-04-26 02:29:46,448 - INFO - Successfully fetched movie/1352874
2026-04-26 02:29:46,698 - INFO - Successfully fetched movie/1352874/credits
2026-04-26 02:29:46,950 - INFO - Successfully fetched movie/1297842
2026-04-26 02:29:47,206 - INFO - Successfully fetched movie/1297842/credits
2026-04-26 02:29:47,452 - INFO - Successfully fetched movie/1171145
2026-04-26 02:29:47,708 - INFO - Successfully fetched movie/1171145/credits
2026-04-26 02:29:47,952 - INFO - Successfully fetched movie/1641319
2026-04-26 02:29:48,206 - INFO - Successfully fetched movie/1641319/credits
2026-04-26 02:29:48,453 - INFO - Successfully fetched movie/840464
2026-04-26 02:29:48,706 - INFO - Successfully fetched movie/840464/credits
2026-04-26 02:29:48,953 - INFO - Successfully fetched movie/1290417
2026-04-26 02:29:49,208 - INFO - Successfully fetched movie/1290417/credits
2026-04-26 02:29:49,461 - INFO - Successfully fetched movie/1311031
2026-04-26 02:29:49,713 - INFO - Successfully fetched movie/1311031/credits
2026-04-26 02:29:49,957 - INFO - Successfully fetched movie/1304313
2026-04-26 02:29:50,209 - INFO - Successfully fetched movie/1304313/credits
2026-04-26 02:29:50,457 - INFO - Successfully fetched tv/124364
2026-04-26 02:29:50,710 - INFO - Successfully fetched tv/124364/credits
2026-04-26 02:29:50,962 - INFO - Successfully fetched tv/76479
2026-04-26 02:29:51,211 - INFO - Successfully fetched tv/76479/credits
2026-04-26 02:29:51,460 - INFO - Successfully fetched tv/85552
2026-04-26 02:29:51,712 - INFO - Successfully fetched tv/85552/credits
2026-04-26 02:29:51,961 - INFO - Successfully fetched tv/79744
2026-04-26 02:29:52,211 - INFO - Successfully fetched tv/79744/credits
2026-04-26 02:29:52,463 - INFO - Successfully fetched tv/95557
2026-04-26 02:29:52,750 - INFO - Successfully fetched tv/95557/credits
2026-04-26 02:29:53,068 - INFO - Successfully fetched tv/2734
2026-04-26 02:29:53,218 - INFO - Successfully fetched tv/2734/credits
2026-04-26 02:29:53,468 - INFO - Successfully fetched tv/206122
2026-04-26 02:29:53,718 - INFO - Successfully fetched tv/206122/credits
2026-04-26 02:29:53,969 - INFO - Successfully fetched tv/549
2026-04-26 02:29:54,218 - INFO - Successfully fetched tv/549/credits
2026-04-26 02:29:54,466 - INFO - Successfully fetched tv/4614
2026-04-26 02:29:54,721 - INFO - Successfully fetched tv/4614/credits
2026-04-26 02:29:54,970 - INFO - Successfully fetched tv/1416
2026-04-26 02:29:55,217 - INFO - Successfully fetched tv/1416/credits
2026-04-26 02:29:55,469 - INFO - Successfully fetched tv/1622
2026-04-26 02:29:55,719 - INFO - Successfully fetched tv/1622/credits
2026-04-26 02:29:55,969 - INFO - Successfully fetched tv/764
2026-04-26 02:29:56,222 - INFO - Successfully fetched tv/764/credits
2026-04-26 02:29:56,472 - INFO - Successfully fetched tv/5920
2026-04-26 02:29:56,728 - INFO - Successfully fetched tv/5920/credits
2026-04-26 02:29:56,971 - INFO - Successfully fetched tv/110075
2026-04-26 02:29:57,222 - INFO - Successfully fetched tv/110075/credits
2026-04-26 02:29:57,475 - INFO - Successfully fetched tv/59941
2026-04-26 02:29:57,729 - INFO - Successfully fetched tv/59941/credits
2026-04-26 02:29:57,977 - INFO - Successfully fetched tv/1399
2026-04-26 02:29:58,230 - INFO - Successfully fetched tv/1399/credits
2026-04-26 02:29:58,476 - INFO - Successfully fetched tv/1911
2026-04-26 02:29:58,728 - INFO - Successfully fetched tv/1911/credits
2026-04-26 02:29:58,978 - INFO - Successfully fetched tv/113137
2026-04-26 02:29:59,228 - INFO - Successfully fetched tv/113137/credits
2026-04-26 02:29:59,477 - INFO - Successfully fetched tv/34307
2026-04-26 02:29:59,728 - INFO - Successfully fetched tv/34307/credits
2026-04-26 02:29:59,978 - INFO - Successfully fetched tv/60574
2026-04-26 02:30:00,231 - INFO - Successfully fetched tv/60574/credits
2026-04-26 02:30:59,717 - INFO - Successfully fetched movie/popular
2026-04-26 02:30:59,733 - INFO - Successfully fetched tv/popular
2026-04-26 02:30:59,983 - INFO - Successfully fetched movie/1226863
2026-04-26 02:31:00,232 - INFO - Successfully fetched movie/1226863/credits
2026-04-26 02:31:00,484 - INFO - Successfully fetched movie/1523145
2026-04-26 02:31:00,735 - INFO - Successfully fetched movie/1523145/credits
2026-04-26 02:31:00,985 - INFO - Successfully fetched movie/1198994
2026-04-26 02:31:01,237 - INFO - Successfully fetched movie/1198994/credits
2026-04-26 02:31:01,492 - INFO - Successfully fetched movie/980431
2026-04-26 02:31:01,736 - INFO - Successfully fetched movie/980431/credits
2026-04-26 02:31:01,989 - INFO - Successfully fetched movie/83533
2026-04-26 02:31:02,245 - INFO - Successfully fetched movie/83533/credits
2026-04-26 02:31:02,492 - INFO - Successfully fetched movie/936075
2026-04-26 02:31:02,742 - INFO - Successfully fetched movie/936075/credits
2026-04-26 02:31:02,994 - INFO - Successfully fetched movie/1613798
2026-04-26 02:31:03,336 - INFO - Successfully fetched movie/1613798/credits
2026-04-26 02:31:03,493 - INFO - Successfully fetched movie/1318447
2026-04-26 02:31:03,746 - INFO - Successfully fetched movie/1318447/credits
2026-04-26 02:31:03,995 - INFO - Successfully fetched movie/687163
2026-04-26 02:31:04,250 - INFO - Successfully fetched movie/687163/credits
2026-04-26 02:31:04,496 - INFO - Successfully fetched movie/1470130
2026-04-26 02:31:04,745 - INFO - Successfully fetched movie/1470130/credits
2026-04-26 02:31:04,993 - INFO - Successfully fetched movie/1290821
2026-04-26 02:31:05,248 - INFO - Successfully fetched movie/1290821/credits
2026-04-26 02:31:05,499 - INFO - Successfully fetched movie/1327819
2026-04-26 02:31:05,751 - INFO - Successfully fetched movie/1327819/credits
2026-04-26 02:31:05,999 - INFO - Successfully fetched movie/1352874
2026-04-26 02:31:06,250 - INFO - Successfully fetched movie/1352874/credits
2026-04-26 02:31:06,501 - INFO - Successfully fetched movie/1297842
2026-04-26 02:31:06,758 - INFO - Successfully fetched movie/1297842/credits
2026-04-26 02:31:07,001 - INFO - Successfully fetched movie/1171145
2026-04-26 02:31:07,259 - INFO - Successfully fetched movie/1171145/credits
2026-04-26 02:31:07,503 - INFO - Successfully fetched movie/1641319
2026-04-26 02:31:07,754 - INFO - Successfully fetched movie/1641319/credits
2026-04-26 02:31:08,006 - INFO - Successfully fetched movie/840464
2026-04-26 02:31:08,259 - INFO - Successfully fetched movie/840464/credits
2026-04-26 02:31:08,507 - INFO - Successfully fetched movie/1290417
2026-04-26 02:31:08,759 - INFO - Successfully fetched movie/1290417/credits
2026-04-26 02:31:09,008 - INFO - Successfully fetched movie/1311031
2026-04-26 02:31:09,265 - INFO - Successfully fetched movie/1311031/credits
2026-04-26 02:31:09,512 - INFO - Successfully fetched movie/1304313
2026-04-26 02:31:09,761 - INFO - Successfully fetched movie/1304313/credits
2026-04-26 02:31:10,009 - INFO - Successfully fetched tv/124364
2026-04-26 02:31:10,257 - INFO - Successfully fetched tv/124364/credits
2026-04-26 02:31:10,509 - INFO - Successfully fetched tv/76479
2026-04-26 02:31:10,759 - INFO - Successfully fetched tv/76479/credits
2026-04-26 02:31:11,012 - INFO - Successfully fetched tv/85552
2026-04-26 02:31:11,265 - INFO - Successfully fetched tv/85552/credits
2026-04-26 02:31:11,512 - INFO - Successfully fetched tv/79744
2026-04-26 02:31:11,762 - INFO - Successfully fetched tv/79744/credits
2026-04-26 02:31:12,012 - INFO - Successfully fetched tv/95557
2026-04-26 02:31:12,261 - INFO - Successfully fetched tv/95557/credits
2026-04-26 02:31:12,515 - INFO - Successfully fetched tv/2734
2026-04-26 02:31:12,763 - INFO - Successfully fetched tv/2734/credits
2026-04-26 02:31:13,016 - INFO - Successfully fetched tv/206122
2026-04-26 02:31:13,262 - INFO - Successfully fetched tv/206122/credits
2026-04-26 02:31:13,516 - INFO - Successfully fetched tv/549
2026-04-26 02:31:13,766 - INFO - Successfully fetched tv/549/credits
2026-04-26 02:31:14,017 - INFO - Successfully fetched tv/4614
2026-04-26 02:31:14,267 - INFO - Successfully fetched tv/4614/credits
2026-04-26 02:31:14,518 - INFO - Successfully fetched tv/1416
2026-04-26 02:31:14,767 - INFO - Successfully fetched tv/1416/credits
2026-04-26 02:31:15,017 - INFO - Successfully fetched tv/1622
2026-04-26 02:31:15,272 - INFO - Successfully fetched tv/1622/credits
2026-04-26 02:31:15,523 - INFO - Successfully fetched tv/764
2026-04-26 02:31:15,770 - INFO - Successfully fetched tv/764/credits
2026-04-26 02:31:16,026 - INFO - Successfully fetched tv/5920
2026-04-26 02:31:16,276 - INFO - Successfully fetched tv/5920/credits
2026-04-26 02:31:16,531 - INFO - Successfully fetched tv/110075
2026-04-26 02:31:16,776 - INFO - Successfully fetched tv/110075/credits
2026-04-26 02:31:17,026 - INFO - Successfully fetched tv/59941
2026-04-26 02:31:17,275 - INFO - Successfully fetched tv/59941/credits
2026-04-26 02:31:17,525 - INFO - Successfully fetched tv/1399
2026-04-26 02:31:17,777 - INFO - Successfully fetched tv/1399/credits
2026-04-26 02:31:18,026 - INFO - Successfully fetched tv/1911
2026-04-26 02:31:18,278 - INFO - Successfully fetched tv/1911/credits
2026-04-26 02:31:18,528 - INFO - Successfully fetched tv/113137
2026-04-26 02:31:18,782 - INFO - Successfully fetched tv/113137/credits
2026-04-26 02:31:19,032 - INFO - Successfully fetched tv/34307
2026-04-26 02:31:19,279 - INFO - Successfully fetched tv/34307/credits
2026-04-26 02:31:19,531 - INFO - Successfully fetched tv/60574
2026-04-26 02:31:19,781 - INFO - Successfully fetched tv/60574/credits
2026-04-27 17:37:45,566 - INFO - Successfully fetched movie/popular
2026-04-27 17:37:45,685 - INFO - Successfully fetched tv/popular
2026-04-27 17:37:45,960 - INFO - Successfully fetched movie/1226863
2026-04-27 17:37:46,235 - INFO - Successfully fetched movie/1226863/credits
2026-04-27 17:37:46,440 - INFO - Successfully fetched movie/1318447
2026-04-27 17:37:46,707 - INFO - Successfully fetched movie/1318447/credits
2026-04-27 17:37:46,925 - INFO - Successfully fetched movie/1523145
2026-04-27 17:37:47,191 - INFO - Successfully fetched movie/1523145/credits
2026-04-27 17:37:47,464 - INFO - Successfully fetched movie/1198994
2026-04-27 17:37:47,733 - INFO - Successfully fetched movie/1198994/credits
2026-04-27 17:37:47,945 - INFO - Successfully fetched movie/980431
2026-04-27 17:37:48,201 - INFO - Successfully fetched movie/980431/credits
2026-04-27 17:37:48,431 - INFO - Successfully fetched movie/936075
2026-04-27 17:37:48,678 - INFO - Successfully fetched movie/936075/credits
2026-04-27 17:37:48,948 - INFO - Successfully fetched movie/83533
2026-04-27 17:37:49,193 - INFO - Successfully fetched movie/83533/credits
2026-04-27 17:37:49,487 - INFO - Successfully fetched movie/1613798
2026-04-27 17:37:49,684 - INFO - Successfully fetched movie/1613798/credits
2026-04-27 17:37:49,934 - INFO - Successfully fetched movie/687163
2026-04-27 17:37:50,186 - INFO - Successfully fetched movie/687163/credits
2026-04-27 17:37:50,422 - INFO - Successfully fetched movie/1352874
2026-04-27 17:37:50,680 - INFO - Successfully fetched movie/1352874/credits
2026-04-27 17:37:50,934 - INFO - Successfully fetched movie/1327819
2026-04-27 17:37:51,182 - INFO - Successfully fetched movie/1327819/credits
2026-04-27 17:37:51,518 - INFO - Successfully fetched movie/1290821
2026-04-27 17:37:51,686 - INFO - Successfully fetched movie/1290821/credits
2026-04-27 17:37:51,926 - INFO - Successfully fetched movie/1470130
2026-04-27 17:37:52,180 - INFO - Successfully fetched movie/1470130/credits
2026-04-27 17:37:52,430 - INFO - Successfully fetched movie/1171145
2026-04-27 17:37:52,688 - INFO - Successfully fetched movie/1171145/credits
2026-04-27 17:37:52,938 - INFO - Successfully fetched movie/1297842
2026-04-27 17:37:53,197 - INFO - Successfully fetched movie/1297842/credits
2026-04-27 17:37:53,435 - INFO - Successfully fetched movie/1311031
2026-04-27 17:37:53,696 - INFO - Successfully fetched movie/1311031/credits
2026-04-27 17:37:53,934 - INFO - Successfully fetched movie/1641319
2026-04-27 17:37:54,186 - INFO - Successfully fetched movie/1641319/credits
2026-04-27 17:37:54,437 - INFO - Successfully fetched movie/1601797
2026-04-27 17:37:54,687 - INFO - Successfully fetched movie/1601797/credits
2026-04-27 17:37:54,934 - INFO - Successfully fetched movie/1084242
2026-04-27 17:37:55,202 - INFO - Successfully fetched movie/1084242/credits
2026-04-27 17:37:55,439 - INFO - Successfully fetched movie/1290417
2026-04-27 17:37:55,689 - INFO - Successfully fetched movie/1290417/credits
2026-04-27 17:37:55,939 - INFO - Successfully fetched tv/124364
2026-04-27 17:37:56,191 - INFO - Successfully fetched tv/124364/credits
2026-04-27 17:37:56,443 - INFO - Successfully fetched tv/76479
2026-04-27 17:37:56,695 - INFO - Successfully fetched tv/76479/credits
2026-04-27 17:37:56,992 - INFO - Successfully fetched tv/2734
2026-04-27 17:37:57,197 - INFO - Successfully fetched tv/2734/credits
2026-04-27 17:37:57,450 - INFO - Successfully fetched tv/79744
2026-04-27 17:37:57,694 - INFO - Successfully fetched tv/79744/credits
2026-04-27 17:37:57,949 - INFO - Successfully fetched tv/85552
2026-04-27 17:37:58,197 - INFO - Successfully fetched tv/85552/credits
2026-04-27 17:37:58,460 - INFO - Successfully fetched tv/549
2026-04-27 17:37:58,699 - INFO - Successfully fetched tv/549/credits
2026-04-27 17:37:58,944 - INFO - Successfully fetched tv/95557
2026-04-27 17:37:59,196 - INFO - Successfully fetched tv/95557/credits
2026-04-27 17:37:59,452 - INFO - Successfully fetched tv/4614
2026-04-27 17:37:59,700 - INFO - Successfully fetched tv/4614/credits
2026-04-27 17:37:59,951 - INFO - Successfully fetched tv/5920
2026-04-27 17:38:00,193 - INFO - Successfully fetched tv/5920/credits
2026-04-27 17:38:00,458 - INFO - Successfully fetched tv/4057
2026-04-27 17:38:00,695 - INFO - Successfully fetched tv/4057/credits
2026-04-27 17:38:01,002 - INFO - Successfully fetched tv/1622
2026-04-27 17:38:01,251 - INFO - Successfully fetched tv/1622/credits
2026-04-27 17:38:01,443 - INFO - Successfully fetched tv/1416
2026-04-27 17:38:01,699 - INFO - Successfully fetched tv/1416/credits
2026-04-27 17:38:01,954 - INFO - Successfully fetched tv/1399
2026-04-27 17:38:02,203 - INFO - Successfully fetched tv/1399/credits
2026-04-27 17:38:02,451 - INFO - Successfully fetched tv/456
2026-04-27 17:38:02,707 - INFO - Successfully fetched tv/456/credits
2026-04-27 17:38:02,949 - INFO - Successfully fetched tv/206122
2026-04-27 17:38:03,197 - INFO - Successfully fetched tv/206122/credits
2026-04-27 17:38:03,453 - INFO - Successfully fetched tv/110075
2026-04-27 17:38:03,704 - INFO - Successfully fetched tv/110075/credits
2026-04-27 17:38:03,961 - INFO - Successfully fetched tv/1434
2026-04-27 17:38:04,198 - INFO - Successfully fetched tv/1434/credits
2026-04-27 17:38:04,464 - INFO - Successfully fetched tv/1911
2026-04-27 17:38:04,705 - INFO - Successfully fetched tv/1911/credits
2026-04-27 17:38:04,964 - INFO - Successfully fetched tv/764
2026-04-27 17:38:05,215 - INFO - Successfully fetched tv/764/credits
2026-04-27 17:38:05,457 - INFO - Successfully fetched tv/4604
2026-04-27 17:38:05,708 - INFO - Successfully fetched tv/4604/credits
2026-04-27 17:40:14,606 - INFO - Successfully fetched movie/popular
2026-04-27 17:40:14,617 - INFO - Successfully fetched tv/popular
2026-04-27 17:40:14,870 - INFO - Successfully fetched movie/1226863
2026-04-27 17:40:15,122 - INFO - Successfully fetched movie/1226863/credits
2026-04-27 17:40:15,401 - INFO - Successfully fetched movie/1318447
2026-04-27 17:40:15,648 - INFO - Successfully fetched movie/1318447/credits
2026-04-27 17:40:15,968 - INFO - Successfully fetched movie/1523145
2026-04-27 17:40:16,122 - INFO - Successfully fetched movie/1523145/credits
2026-04-27 17:40:16,399 - INFO - Successfully fetched movie/1198994
2026-04-27 17:40:16,652 - INFO - Successfully fetched movie/1198994/credits
2026-04-27 17:40:16,904 - INFO - Successfully fetched movie/980431
2026-04-27 17:40:17,154 - INFO - Successfully fetched movie/980431/credits
2026-04-27 17:40:17,402 - INFO - Successfully fetched movie/936075
2026-04-27 17:40:17,654 - INFO - Successfully fetched movie/936075/credits
2026-04-27 17:40:17,905 - INFO - Successfully fetched movie/83533
2026-04-27 17:40:18,156 - INFO - Successfully fetched movie/83533/credits
2026-04-27 17:40:18,406 - INFO - Successfully fetched movie/1613798
2026-04-27 17:40:18,656 - INFO - Successfully fetched movie/1613798/credits
2026-04-27 17:40:18,905 - INFO - Successfully fetched movie/687163
2026-04-27 17:40:19,161 - INFO - Successfully fetched movie/687163/credits
2026-04-27 17:40:19,406 - INFO - Successfully fetched movie/1352874
2026-04-27 17:40:19,657 - INFO - Successfully fetched movie/1352874/credits
2026-04-27 17:40:19,909 - INFO - Successfully fetched movie/1327819
2026-04-27 17:40:20,158 - INFO - Successfully fetched movie/1327819/credits
2026-04-27 17:40:20,408 - INFO - Successfully fetched movie/1290821
2026-04-27 17:40:20,661 - INFO - Successfully fetched movie/1290821/credits
2026-04-27 17:40:20,908 - INFO - Successfully fetched movie/1470130
2026-04-27 17:40:21,158 - INFO - Successfully fetched movie/1470130/credits
2026-04-27 17:40:21,415 - INFO - Successfully fetched movie/1171145
2026-04-27 17:40:21,663 - INFO - Successfully fetched movie/1171145/credits
2026-04-27 17:40:21,913 - INFO - Successfully fetched movie/1297842
2026-04-27 17:40:22,167 - INFO - Successfully fetched movie/1297842/credits
2026-04-27 17:40:22,416 - INFO - Successfully fetched movie/1311031
2026-04-27 17:40:22,664 - INFO - Successfully fetched movie/1311031/credits
2026-04-27 17:40:22,912 - INFO - Successfully fetched movie/1641319
2026-04-27 17:40:23,166 - INFO - Successfully fetched movie/1641319/credits
2026-04-27 17:40:23,415 - INFO - Successfully fetched movie/1601797
2026-04-27 17:40:23,719 - INFO - Successfully fetched movie/1601797/credits
2026-04-27 17:40:23,916 - INFO - Successfully fetched movie/1084242
2026-04-27 17:40:24,172 - INFO - Successfully fetched movie/1084242/credits
2026-04-27 17:40:24,418 - INFO - Successfully fetched movie/1290417
2026-04-27 17:40:24,667 - INFO - Successfully fetched movie/1290417/credits
2026-04-27 17:40:24,917 - INFO - Successfully fetched tv/124364
2026-04-27 17:40:25,172 - INFO - Successfully fetched tv/124364/credits
2026-04-27 17:40:25,418 - INFO - Successfully fetched tv/76479
2026-04-27 17:40:25,671 - INFO - Successfully fetched tv/76479/credits
2026-04-27 17:40:25,970 - INFO - Successfully fetched tv/2734
2026-04-27 17:40:26,172 - INFO - Successfully fetched tv/2734/credits
2026-04-27 17:40:26,420 - INFO - Successfully fetched tv/79744
2026-04-27 17:40:26,671 - INFO - Successfully fetched tv/79744/credits
2026-04-27 17:40:26,920 - INFO - Successfully fetched tv/85552
2026-04-27 17:40:27,175 - INFO - Successfully fetched tv/85552/credits
2026-04-27 17:40:27,423 - INFO - Successfully fetched tv/549
2026-04-27 17:40:27,673 - INFO - Successfully fetched tv/549/credits
2026-04-27 17:40:27,924 - INFO - Successfully fetched tv/95557
2026-04-27 17:40:28,174 - INFO - Successfully fetched tv/95557/credits
2026-04-27 17:40:28,425 - INFO - Successfully fetched tv/4614
2026-04-27 17:40:28,680 - INFO - Successfully fetched tv/4614/credits
2026-04-27 17:40:28,928 - INFO - Successfully fetched tv/5920
2026-04-27 17:40:29,227 - INFO - Successfully fetched tv/5920/credits
2026-04-27 17:40:29,427 - INFO - Successfully fetched tv/4057
2026-04-27 17:40:29,678 - INFO - Successfully fetched tv/4057/credits
2026-04-27 17:40:29,929 - INFO - Successfully fetched tv/1622
2026-04-27 17:40:30,176 - INFO - Successfully fetched tv/1622/credits
2026-04-27 17:40:30,427 - INFO - Successfully fetched tv/1416
2026-04-27 17:40:30,679 - INFO - Successfully fetched tv/1416/credits
2026-04-27 17:40:30,929 - INFO - Successfully fetched tv/1399
2026-04-27 17:40:31,179 - INFO - Successfully fetched tv/1399/credits
2026-04-27 17:40:31,431 - INFO - Successfully fetched tv/456
2026-04-27 17:40:31,681 - INFO - Successfully fetched tv/456/credits
2026-04-27 17:40:31,934 - INFO - Successfully fetched tv/206122
2026-04-27 17:40:32,153 - INFO - Successfully fetched tv/206122/credits
2026-04-27 17:40:32,488 - INFO - Successfully fetched tv/110075
2026-04-27 17:40:32,682 - INFO - Successfully fetched tv/110075/credits
2026-04-27 17:40:32,932 - INFO - Successfully fetched tv/1434
2026-04-27 17:40:33,187 - INFO - Successfully fetched tv/1434/credits
2026-04-27 17:40:33,434 - INFO - Successfully fetched tv/1911
2026-04-27 17:40:33,683 - INFO - Successfully fetched tv/1911/credits
2026-04-27 17:40:33,935 - INFO - Successfully fetched tv/764
2026-04-27 17:40:34,187 - INFO - Successfully fetched tv/764/credits
2026-04-27 17:40:34,437 - INFO - Successfully fetched tv/4604
2026-04-27 17:40:34,683 - INFO - Successfully fetched tv/4604/credits
2026-04-27 17:42:04,681 - INFO - Successfully fetched movie/popular
2026-04-27 17:42:04,694 - INFO - Successfully fetched tv/popular
2026-04-27 17:42:04,943 - INFO - Successfully fetched movie/1226863
2026-04-27 17:42:05,197 - INFO - Successfully fetched movie/1226863/credits
2026-04-27 17:42:05,443 - INFO - Successfully fetched movie/1318447
2026-04-27 17:42:05,693 - INFO - Successfully fetched movie/1318447/credits
2026-04-27 17:42:05,944 - INFO - Successfully fetched movie/1523145
2026-04-27 17:42:06,194 - INFO - Successfully fetched movie/1523145/credits
2026-04-27 17:42:06,445 - INFO - Successfully fetched movie/1198994
2026-04-27 17:42:06,697 - INFO - Successfully fetched movie/1198994/credits
2026-04-27 17:42:06,946 - INFO - Successfully fetched movie/980431
2026-04-27 17:42:07,198 - INFO - Successfully fetched movie/980431/credits
2026-04-27 17:42:07,447 - INFO - Successfully fetched movie/936075
2026-04-27 17:42:07,696 - INFO - Successfully fetched movie/936075/credits
2026-04-27 17:42:07,947 - INFO - Successfully fetched movie/83533
2026-04-27 17:42:08,198 - INFO - Successfully fetched movie/83533/credits
2026-04-27 17:42:08,448 - INFO - Successfully fetched movie/1613798
2026-04-27 17:42:08,700 - INFO - Successfully fetched movie/1613798/credits
2026-04-27 17:42:08,948 - INFO - Successfully fetched movie/687163
2026-04-27 17:42:09,204 - INFO - Successfully fetched movie/687163/credits
2026-04-27 17:42:09,449 - INFO - Successfully fetched movie/1352874
2026-04-27 17:42:09,700 - INFO - Successfully fetched movie/1352874/credits
2026-04-27 17:42:09,952 - INFO - Successfully fetched movie/1327819
2026-04-27 17:42:10,203 - INFO - Successfully fetched movie/1327819/credits
2026-04-27 17:42:10,453 - INFO - Successfully fetched movie/1290821
2026-04-27 17:42:10,703 - INFO - Successfully fetched movie/1290821/credits
2026-04-27 17:42:10,953 - INFO - Successfully fetched movie/1470130
2026-04-27 17:42:11,201 - INFO - Successfully fetched movie/1470130/credits
2026-04-27 17:42:11,453 - INFO - Successfully fetched movie/1171145
2026-04-27 17:42:11,704 - INFO - Successfully fetched movie/1171145/credits
2026-04-27 17:42:11,954 - INFO - Successfully fetched movie/1297842
2026-04-27 17:42:12,207 - INFO - Successfully fetched movie/1297842/credits
2026-04-27 17:42:12,455 - INFO - Successfully fetched movie/1311031
2026-04-27 17:42:12,710 - INFO - Successfully fetched movie/1311031/credits
2026-04-27 17:42:12,957 - INFO - Successfully fetched movie/1641319
2026-04-27 17:42:13,206 - INFO - Successfully fetched movie/1641319/credits
2026-04-27 17:42:13,456 - INFO - Successfully fetched movie/1601797
2026-04-27 17:42:13,707 - INFO - Successfully fetched movie/1601797/credits
2026-04-27 17:42:13,958 - INFO - Successfully fetched movie/1084242
2026-04-27 17:42:14,215 - INFO - Successfully fetched movie/1084242/credits
2026-04-27 17:42:14,460 - INFO - Successfully fetched movie/1290417
2026-04-27 17:42:14,710 - INFO - Successfully fetched movie/1290417/credits
2026-04-27 17:42:14,959 - INFO - Successfully fetched tv/124364
2026-04-27 17:42:15,212 - INFO - Successfully fetched tv/124364/credits
2026-04-27 17:42:15,459 - INFO - Successfully fetched tv/76479
2026-04-27 17:42:15,711 - INFO - Successfully fetched tv/76479/credits
2026-04-27 17:42:15,961 - INFO - Successfully fetched tv/2734
2026-04-27 17:42:16,211 - INFO - Successfully fetched tv/2734/credits
2026-04-27 17:42:16,461 - INFO - Successfully fetched tv/79744
2026-04-27 17:42:16,712 - INFO - Successfully fetched tv/79744/credits
2026-04-27 17:42:16,962 - INFO - Successfully fetched tv/85552
2026-04-27 17:42:17,213 - INFO - Successfully fetched tv/85552/credits
2026-04-27 17:42:17,465 - INFO - Successfully fetched tv/549
2026-04-27 17:42:17,714 - INFO - Successfully fetched tv/549/credits
2026-04-27 17:42:17,965 - INFO - Successfully fetched tv/95557
2026-04-27 17:42:18,214 - INFO - Successfully fetched tv/95557/credits
2026-04-27 17:42:18,466 - INFO - Successfully fetched tv/4614
2026-04-27 17:42:18,716 - INFO - Successfully fetched tv/4614/credits
2026-04-27 17:42:18,968 - INFO - Successfully fetched tv/5920
2026-04-27 17:42:19,217 - INFO - Successfully fetched tv/5920/credits
2026-04-27 17:42:19,470 - INFO - Successfully fetched tv/4057
2026-04-27 17:42:19,719 - INFO - Successfully fetched tv/4057/credits
2026-04-27 17:42:19,969 - INFO - Successfully fetched tv/1622
2026-04-27 17:42:20,218 - INFO - Successfully fetched tv/1622/credits
2026-04-27 17:42:20,472 - INFO - Successfully fetched tv/1416
2026-04-27 17:42:20,720 - INFO - Successfully fetched tv/1416/credits
2026-04-27 17:42:20,971 - INFO - Successfully fetched tv/1399
2026-04-27 17:42:21,220 - INFO - Successfully fetched tv/1399/credits
2026-04-27 17:42:21,471 - INFO - Successfully fetched tv/456
2026-04-27 17:42:21,722 - INFO - Successfully fetched tv/456/credits
2026-04-27 17:42:21,974 - INFO - Successfully fetched tv/206122
2026-04-27 17:42:22,225 - INFO - Successfully fetched tv/206122/credits
2026-04-27 17:42:22,475 - INFO - Successfully fetched tv/110075
2026-04-27 17:42:22,725 - INFO - Successfully fetched tv/110075/credits
2026-04-27 17:42:22,976 - INFO - Successfully fetched tv/1434
2026-04-27 17:42:23,226 - INFO - Successfully fetched tv/1434/credits
2026-04-27 17:42:23,476 - INFO - Successfully fetched tv/1911
2026-04-27 17:42:23,728 - INFO - Successfully fetched tv/1911/credits
2026-04-27 17:42:23,978 - INFO - Successfully fetched tv/764
2026-04-27 17:42:24,232 - INFO - Successfully fetched tv/764/credits
2026-04-27 17:42:24,478 - INFO - Successfully fetched tv/4604
2026-04-27 17:42:24,728 - INFO - Successfully fetched tv/4604/credits
2026-04-27 17:43:45,148 - INFO - Successfully fetched movie/popular
2026-04-27 17:43:45,161 - INFO - Successfully fetched tv/popular
2026-04-27 17:43:45,411 - INFO - Successfully fetched movie/1226863
2026-04-27 17:43:45,662 - INFO - Successfully fetched movie/1226863/credits
2026-04-27 17:43:45,912 - INFO - Successfully fetched movie/1318447
2026-04-27 17:43:46,164 - INFO - Successfully fetched movie/1318447/credits
2026-04-27 17:43:46,413 - INFO - Successfully fetched movie/1523145
2026-04-27 17:43:46,664 - INFO - Successfully fetched movie/1523145/credits
2026-04-27 17:43:46,912 - INFO - Successfully fetched movie/1198994
2026-04-27 17:43:47,162 - INFO - Successfully fetched movie/1198994/credits
2026-04-27 17:43:47,413 - INFO - Successfully fetched movie/980431
2026-04-27 17:43:47,664 - INFO - Successfully fetched movie/980431/credits
2026-04-27 17:43:47,914 - INFO - Successfully fetched movie/936075
2026-04-27 17:43:48,170 - INFO - Successfully fetched movie/936075/credits
2026-04-27 17:43:48,415 - INFO - Successfully fetched movie/83533
2026-04-27 17:43:48,668 - INFO - Successfully fetched movie/83533/credits
2026-04-27 17:43:48,917 - INFO - Successfully fetched movie/1613798
2026-04-27 17:43:49,168 - INFO - Successfully fetched movie/1613798/credits
2026-04-27 17:43:49,418 - INFO - Successfully fetched movie/687163
2026-04-27 17:43:49,673 - INFO - Successfully fetched movie/687163/credits
2026-04-27 17:43:49,920 - INFO - Successfully fetched movie/1352874
2026-04-27 17:43:50,169 - INFO - Successfully fetched movie/1352874/credits
2026-04-27 17:43:50,421 - INFO - Successfully fetched movie/1327819
2026-04-27 17:43:50,675 - INFO - Successfully fetched movie/1327819/credits
2026-04-27 17:43:50,923 - INFO - Successfully fetched movie/1290821
2026-04-27 17:43:51,173 - INFO - Successfully fetched movie/1290821/credits
2026-04-27 17:43:51,421 - INFO - Successfully fetched movie/1470130
2026-04-27 17:43:51,673 - INFO - Successfully fetched movie/1470130/credits
2026-04-27 17:43:51,924 - INFO - Successfully fetched movie/1171145
2026-04-27 17:43:52,175 - INFO - Successfully fetched movie/1171145/credits
2026-04-27 17:43:52,425 - INFO - Successfully fetched movie/1297842
2026-04-27 17:43:52,678 - INFO - Successfully fetched movie/1297842/credits
2026-04-27 17:43:52,926 - INFO - Successfully fetched movie/1311031
2026-04-27 17:43:53,179 - INFO - Successfully fetched movie/1311031/credits
2026-04-27 17:43:53,427 - INFO - Successfully fetched movie/1641319
2026-04-27 17:43:53,680 - INFO - Successfully fetched movie/1641319/credits
2026-04-27 17:43:53,928 - INFO - Successfully fetched movie/1601797
2026-04-27 17:43:54,179 - INFO - Successfully fetched movie/1601797/credits
2026-04-27 17:43:54,428 - INFO - Successfully fetched movie/1084242
2026-04-27 17:43:54,681 - INFO - Successfully fetched movie/1084242/credits
2026-04-27 17:43:54,928 - INFO - Successfully fetched movie/1290417
2026-04-27 17:43:55,180 - INFO - Successfully fetched movie/1290417/credits
2026-04-27 17:43:55,430 - INFO - Successfully fetched tv/124364
2026-04-27 17:43:55,681 - INFO - Successfully fetched tv/124364/credits
2026-04-27 17:43:55,932 - INFO - Successfully fetched tv/76479
2026-04-27 17:43:56,182 - INFO - Successfully fetched tv/76479/credits
2026-04-27 17:43:56,433 - INFO - Successfully fetched tv/2734
2026-04-27 17:43:56,685 - INFO - Successfully fetched tv/2734/credits
2026-04-27 17:43:56,935 - INFO - Successfully fetched tv/79744
2026-04-27 17:43:57,185 - INFO - Successfully fetched tv/79744/credits
2026-04-27 17:43:57,435 - INFO - Successfully fetched tv/85552
2026-04-27 17:43:57,685 - INFO - Successfully fetched tv/85552/credits
2026-04-27 17:43:57,936 - INFO - Successfully fetched tv/549
2026-04-27 17:43:58,187 - INFO - Successfully fetched tv/549/credits
2026-04-27 17:43:58,437 - INFO - Successfully fetched tv/95557
2026-04-27 17:43:58,689 - INFO - Successfully fetched tv/95557/credits
2026-04-27 17:43:58,937 - INFO - Successfully fetched tv/4614
2026-04-27 17:43:59,188 - INFO - Successfully fetched tv/4614/credits
2026-04-27 17:43:59,438 - INFO - Successfully fetched tv/5920
2026-04-27 17:43:59,689 - INFO - Successfully fetched tv/5920/credits
2026-04-27 17:43:59,940 - INFO - Successfully fetched tv/4057
2026-04-27 17:44:00,191 - INFO - Successfully fetched tv/4057/credits
2026-04-27 17:44:00,442 - INFO - Successfully fetched tv/1622
2026-04-27 17:44:00,692 - INFO - Successfully fetched tv/1622/credits
2026-04-27 17:44:00,943 - INFO - Successfully fetched tv/1416
2026-04-27 17:44:01,194 - INFO - Successfully fetched tv/1416/credits
2026-04-27 17:44:01,444 - INFO - Successfully fetched tv/1399
2026-04-27 17:44:01,696 - INFO - Successfully fetched tv/1399/credits
2026-04-27 17:44:01,943 - INFO - Successfully fetched tv/456
2026-04-27 17:44:02,194 - INFO - Successfully fetched tv/456/credits
2026-04-27 17:44:02,444 - INFO - Successfully fetched tv/206122
2026-04-27 17:44:02,697 - INFO - Successfully fetched tv/206122/credits
2026-04-27 17:44:02,948 - INFO - Successfully fetched tv/110075
2026-04-27 17:44:03,197 - INFO - Successfully fetched tv/110075/credits
2026-04-27 17:44:03,451 - INFO - Successfully fetched tv/1434
2026-04-27 17:44:03,698 - INFO - Successfully fetched tv/1434/credits
2026-04-27 17:44:03,950 - INFO - Successfully fetched tv/1911
2026-04-27 17:44:04,200 - INFO - Successfully fetched tv/1911/credits
2026-04-27 17:44:04,449 - INFO - Successfully fetched tv/764
2026-04-27 17:44:04,704 - INFO - Successfully fetched tv/764/credits
2026-04-27 17:44:04,949 - INFO - Successfully fetched tv/4604
2026-04-27 17:44:05,200 - INFO - Successfully fetched tv/4604/credits
2026-04-27 17:46:04,497 - INFO - Successfully fetched movie/popular
2026-04-27 17:46:04,509 - INFO - Successfully fetched tv/popular
2026-04-27 17:46:04,760 - INFO - Successfully fetched movie/1226863
2026-04-27 17:46:05,011 - INFO - Successfully fetched movie/1226863/credits
2026-04-27 17:46:05,262 - INFO - Successfully fetched movie/1318447
2026-04-27 17:46:05,513 - INFO - Successfully fetched movie/1318447/credits
2026-04-27 17:46:05,760 - INFO - Successfully fetched movie/1523145
2026-04-27 17:46:06,012 - INFO - Successfully fetched movie/1523145/credits
2026-04-27 17:46:06,262 - INFO - Successfully fetched movie/1198994
2026-04-27 17:46:06,513 - INFO - Successfully fetched movie/1198994/credits
2026-04-27 17:46:06,763 - INFO - Successfully fetched movie/980431
2026-04-27 17:46:07,015 - INFO - Successfully fetched movie/980431/credits
2026-04-27 17:46:07,265 - INFO - Successfully fetched movie/936075
2026-04-27 17:46:07,517 - INFO - Successfully fetched movie/936075/credits
2026-04-27 17:46:07,766 - INFO - Successfully fetched movie/83533
2026-04-27 17:46:08,019 - INFO - Successfully fetched movie/83533/credits
2026-04-27 17:46:08,265 - INFO - Successfully fetched movie/1613798
2026-04-27 17:46:08,519 - INFO - Successfully fetched movie/1613798/credits
2026-04-27 17:46:08,769 - INFO - Successfully fetched movie/687163
2026-04-27 17:46:09,022 - INFO - Successfully fetched movie/687163/credits
2026-04-27 17:46:09,271 - INFO - Successfully fetched movie/1352874
2026-04-27 17:46:09,518 - INFO - Successfully fetched movie/1352874/credits
2026-04-27 17:46:09,769 - INFO - Successfully fetched movie/1327819
2026-04-27 17:46:10,113 - INFO - Successfully fetched movie/1327819/credits
2026-04-27 17:46:10,270 - INFO - Successfully fetched movie/1290821
2026-04-27 17:46:10,523 - INFO - Successfully fetched movie/1290821/credits
2026-04-27 17:46:10,773 - INFO - Successfully fetched movie/1470130
2026-04-27 17:46:11,023 - INFO - Successfully fetched movie/1470130/credits
2026-04-27 17:46:11,274 - INFO - Successfully fetched movie/1171145
2026-04-27 17:46:11,523 - INFO - Successfully fetched movie/1171145/credits
2026-04-27 17:46:11,772 - INFO - Successfully fetched movie/1297842
2026-04-27 17:46:12,026 - INFO - Successfully fetched movie/1297842/credits
2026-04-27 17:46:12,274 - INFO - Successfully fetched movie/1311031
2026-04-27 17:46:12,528 - INFO - Successfully fetched movie/1311031/credits
2026-04-27 17:46:12,776 - INFO - Successfully fetched movie/1641319
2026-04-27 17:46:13,029 - INFO - Successfully fetched movie/1641319/credits
2026-04-27 17:46:13,278 - INFO - Successfully fetched movie/1601797
2026-04-27 17:46:13,529 - INFO - Successfully fetched movie/1601797/credits
2026-04-27 17:46:13,779 - INFO - Successfully fetched movie/1084242
2026-04-27 17:46:14,034 - INFO - Successfully fetched movie/1084242/credits
2026-04-27 17:46:14,282 - INFO - Successfully fetched movie/1290417
2026-04-27 17:46:14,529 - INFO - Successfully fetched movie/1290417/credits
2026-04-27 17:46:14,779 - INFO - Successfully fetched tv/124364
2026-04-27 17:46:15,030 - INFO - Successfully fetched tv/124364/credits
2026-04-27 17:46:15,281 - INFO - Successfully fetched tv/76479
2026-04-27 17:46:15,532 - INFO - Successfully fetched tv/76479/credits
2026-04-27 17:46:15,782 - INFO - Successfully fetched tv/2734
2026-04-27 17:46:16,032 - INFO - Successfully fetched tv/2734/credits
2026-04-27 17:46:16,283 - INFO - Successfully fetched tv/79744
2026-04-27 17:46:16,534 - INFO - Successfully fetched tv/79744/credits
2026-04-27 17:46:16,785 - INFO - Successfully fetched tv/85552
2026-04-27 17:46:17,033 - INFO - Successfully fetched tv/85552/credits
2026-04-27 17:46:17,285 - INFO - Successfully fetched tv/549
2026-04-27 17:46:17,535 - INFO - Successfully fetched tv/549/credits
2026-04-27 17:46:17,784 - INFO - Successfully fetched tv/95557
2026-04-27 17:46:18,035 - INFO - Successfully fetched tv/95557/credits
2026-04-27 17:46:18,284 - INFO - Successfully fetched tv/4614
2026-04-27 17:46:18,539 - INFO - Successfully fetched tv/4614/credits
2026-04-27 17:46:18,787 - INFO - Successfully fetched tv/5920
2026-04-27 17:46:19,038 - INFO - Successfully fetched tv/5920/credits
2026-04-27 17:46:19,288 - INFO - Successfully fetched tv/4057
2026-04-27 17:46:19,538 - INFO - Successfully fetched tv/4057/credits
2026-04-27 17:46:19,790 - INFO - Successfully fetched tv/1622
2026-04-27 17:46:20,037 - INFO - Successfully fetched tv/1622/credits
2026-04-27 17:46:20,290 - INFO - Successfully fetched tv/1416
2026-04-27 17:46:20,540 - INFO - Successfully fetched tv/1416/credits
2026-04-27 17:46:20,809 - INFO - Successfully fetched tv/1399
2026-04-27 17:46:21,046 - INFO - Successfully fetched tv/1399/credits
2026-04-27 17:46:21,294 - INFO - Successfully fetched tv/456
2026-04-27 17:46:21,544 - INFO - Successfully fetched tv/456/credits
2026-04-27 17:46:21,811 - INFO - Successfully fetched tv/206122
2026-04-27 17:46:22,048 - INFO - Successfully fetched tv/206122/credits
2026-04-27 17:46:22,295 - INFO - Successfully fetched tv/110075
2026-04-27 17:46:22,546 - INFO - Successfully fetched tv/110075/credits
2026-04-27 17:46:22,795 - INFO - Successfully fetched tv/1434
2026-04-27 17:46:23,045 - INFO - Successfully fetched tv/1434/credits
2026-04-27 17:46:23,296 - INFO - Successfully fetched tv/1911
2026-04-27 17:46:23,547 - INFO - Successfully fetched tv/1911/credits
2026-04-27 17:46:23,801 - INFO - Successfully fetched tv/764
2026-04-27 17:46:24,052 - INFO - Successfully fetched tv/764/credits
2026-04-27 17:46:24,300 - INFO - Successfully fetched tv/4604
2026-04-27 17:46:24,551 - INFO - Successfully fetched tv/4604/credits
2026-04-27 17:50:28,937 - INFO - Successfully fetched movie/popular
2026-04-27 17:50:28,950 - INFO - Successfully fetched tv/popular
2026-04-27 17:50:29,202 - INFO - Successfully fetched movie/1226863
2026-04-27 17:50:29,450 - INFO - Successfully fetched movie/1226863/credits
2026-04-27 17:50:29,702 - INFO - Successfully fetched movie/1318447
2026-04-27 17:50:29,953 - INFO - Successfully fetched movie/1318447/credits
2026-04-27 17:50:30,203 - INFO - Successfully fetched movie/1523145
2026-04-27 17:50:30,452 - INFO - Successfully fetched movie/1523145/credits
2026-04-27 17:50:30,702 - INFO - Successfully fetched movie/1198994
2026-04-27 17:50:30,954 - INFO - Successfully fetched movie/1198994/credits
2026-04-27 17:50:31,203 - INFO - Successfully fetched movie/980431
2026-04-27 17:50:31,456 - INFO - Successfully fetched movie/980431/credits
2026-04-27 17:50:31,705 - INFO - Successfully fetched movie/936075
2026-04-27 17:50:31,957 - INFO - Successfully fetched movie/936075/credits
2026-04-27 17:50:32,206 - INFO - Successfully fetched movie/83533
2026-04-27 17:50:32,460 - INFO - Successfully fetched movie/83533/credits
2026-04-27 17:50:32,707 - INFO - Successfully fetched movie/1613798
2026-04-27 17:50:32,959 - INFO - Successfully fetched movie/1613798/credits
2026-04-27 17:50:33,209 - INFO - Successfully fetched movie/687163
2026-04-27 17:50:33,463 - INFO - Successfully fetched movie/687163/credits
2026-04-27 17:50:33,708 - INFO - Successfully fetched movie/1352874
2026-04-27 17:50:33,959 - INFO - Successfully fetched movie/1352874/credits
2026-04-27 17:50:34,210 - INFO - Successfully fetched movie/1327819
2026-04-27 17:50:34,462 - INFO - Successfully fetched movie/1327819/credits
2026-04-27 17:50:34,710 - INFO - Successfully fetched movie/1290821
2026-04-27 17:50:34,961 - INFO - Successfully fetched movie/1290821/credits
2026-04-27 17:50:35,212 - INFO - Successfully fetched movie/1470130
2026-04-27 17:50:35,559 - INFO - Successfully fetched movie/1470130/credits
2026-04-27 17:50:35,714 - INFO - Successfully fetched movie/1171145
2026-04-27 17:50:35,966 - INFO - Successfully fetched movie/1171145/credits
2026-04-27 17:50:36,216 - INFO - Successfully fetched movie/1297842
2026-04-27 17:50:36,568 - INFO - Successfully fetched movie/1297842/credits
2026-04-27 17:50:36,715 - INFO - Successfully fetched movie/1311031
2026-04-27 17:50:36,970 - INFO - Successfully fetched movie/1311031/credits
2026-04-27 17:50:37,218 - INFO - Successfully fetched movie/1641319
2026-04-27 17:50:37,471 - INFO - Successfully fetched movie/1641319/credits
2026-04-27 17:50:37,717 - INFO - Successfully fetched movie/1601797
2026-04-27 17:50:37,969 - INFO - Successfully fetched movie/1601797/credits
2026-04-27 17:50:38,216 - INFO - Successfully fetched movie/1084242
2026-04-27 17:50:38,473 - INFO - Successfully fetched movie/1084242/credits
2026-04-27 17:50:38,720 - INFO - Successfully fetched movie/1290417
2026-04-27 17:50:38,973 - INFO - Successfully fetched movie/1290417/credits
2026-04-27 17:50:39,222 - INFO - Successfully fetched tv/124364
2026-04-27 17:50:39,473 - INFO - Successfully fetched tv/124364/credits
2026-04-27 17:50:39,723 - INFO - Successfully fetched tv/76479
2026-04-27 17:50:39,974 - INFO - Successfully fetched tv/76479/credits
2026-04-27 17:50:40,221 - INFO - Successfully fetched tv/2734
2026-04-27 17:50:40,475 - INFO - Successfully fetched tv/2734/credits
2026-04-27 17:50:40,723 - INFO - Successfully fetched tv/79744
2026-04-27 17:50:40,974 - INFO - Successfully fetched tv/79744/credits
2026-04-27 17:50:41,225 - INFO - Successfully fetched tv/85552
2026-04-27 17:50:41,475 - INFO - Successfully fetched tv/85552/credits
2026-04-27 17:50:41,726 - INFO - Successfully fetched tv/549
2026-04-27 17:50:41,976 - INFO - Successfully fetched tv/549/credits
2026-04-27 17:50:42,227 - INFO - Successfully fetched tv/95557
2026-04-27 17:50:42,478 - INFO - Successfully fetched tv/95557/credits
2026-04-27 17:50:42,729 - INFO - Successfully fetched tv/4614
2026-04-27 17:50:42,979 - INFO - Successfully fetched tv/4614/credits
2026-04-27 17:50:43,229 - INFO - Successfully fetched tv/5920
2026-04-27 17:50:43,478 - INFO - Successfully fetched tv/5920/credits
2026-04-27 17:50:43,735 - INFO - Successfully fetched tv/4057
2026-04-27 17:50:43,980 - INFO - Successfully fetched tv/4057/credits
2026-04-27 17:50:44,233 - INFO - Successfully fetched tv/1622
2026-04-27 17:50:44,481 - INFO - Successfully fetched tv/1622/credits
2026-04-27 17:50:44,733 - INFO - Successfully fetched tv/1416
2026-04-27 17:50:44,983 - INFO - Successfully fetched tv/1416/credits
2026-04-27 17:50:45,234 - INFO - Successfully fetched tv/1399
2026-04-27 17:50:45,484 - INFO - Successfully fetched tv/1399/credits
2026-04-27 17:50:45,733 - INFO - Successfully fetched tv/456
2026-04-27 17:50:45,985 - INFO - Successfully fetched tv/456/credits
2026-04-27 17:50:46,324 - INFO - Successfully fetched tv/206122
2026-04-27 17:50:46,487 - INFO - Successfully fetched tv/206122/credits
2026-04-27 17:50:46,739 - INFO - Successfully fetched tv/110075
2026-04-27 17:50:46,986 - INFO - Successfully fetched tv/110075/credits
2026-04-27 17:50:47,237 - INFO - Successfully fetched tv/1434
2026-04-27 17:50:47,489 - INFO - Successfully fetched tv/1434/credits
2026-04-27 17:50:47,738 - INFO - Successfully fetched tv/1911
2026-04-27 17:50:47,987 - INFO - Successfully fetched tv/1911/credits
2026-04-27 17:50:48,238 - INFO - Successfully fetched tv/764
2026-04-27 17:50:48,491 - INFO - Successfully fetched tv/764/credits
2026-04-27 17:50:48,740 - INFO - Successfully fetched tv/4604
2026-04-27 17:50:48,992 - INFO - Successfully fetched tv/4604/credits
2026-04-27 17:58:07,512 - INFO - Successfully fetched movie/popular
2026-04-27 17:58:07,523 - INFO - Successfully fetched tv/popular
2026-04-27 17:58:07,773 - INFO - Successfully fetched movie/1226863
2026-04-27 17:58:08,024 - INFO - Successfully fetched movie/1226863/credits
2026-04-27 17:58:08,274 - INFO - Successfully fetched movie/1318447
2026-04-27 17:58:08,525 - INFO - Successfully fetched movie/1318447/credits
2026-04-27 17:58:08,774 - INFO - Successfully fetched movie/1523145
2026-04-27 17:58:09,029 - INFO - Successfully fetched movie/1523145/credits
2026-04-27 17:58:09,276 - INFO - Successfully fetched movie/1198994
2026-04-27 17:58:09,525 - INFO - Successfully fetched movie/1198994/credits
2026-04-27 17:58:09,778 - INFO - Successfully fetched movie/980431
2026-04-27 17:58:10,029 - INFO - Successfully fetched movie/980431/credits
2026-04-27 17:58:10,281 - INFO - Successfully fetched movie/936075
2026-04-27 17:58:10,528 - INFO - Successfully fetched movie/936075/credits
2026-04-27 17:58:10,778 - INFO - Successfully fetched movie/83533
2026-04-27 17:58:11,031 - INFO - Successfully fetched movie/83533/credits
2026-04-27 17:58:11,280 - INFO - Successfully fetched movie/1613798
2026-04-27 17:58:11,531 - INFO - Successfully fetched movie/1613798/credits
2026-04-27 17:58:11,781 - INFO - Successfully fetched movie/687163
2026-04-27 17:58:12,034 - INFO - Successfully fetched movie/687163/credits
2026-04-27 17:58:12,283 - INFO - Successfully fetched movie/1352874
2026-04-27 17:58:12,536 - INFO - Successfully fetched movie/1352874/credits
2026-04-27 17:58:12,781 - INFO - Successfully fetched movie/1327819
2026-04-27 17:58:13,032 - INFO - Successfully fetched movie/1327819/credits
2026-04-27 17:58:13,283 - INFO - Successfully fetched movie/1290821
2026-04-27 17:58:13,536 - INFO - Successfully fetched movie/1290821/credits
2026-04-27 17:58:13,783 - INFO - Successfully fetched movie/1470130
2026-04-27 17:58:14,034 - INFO - Successfully fetched movie/1470130/credits
2026-04-27 17:58:14,285 - INFO - Successfully fetched movie/1171145
2026-04-27 17:58:14,537 - INFO - Successfully fetched movie/1171145/credits
2026-04-27 17:58:14,787 - INFO - Successfully fetched movie/1297842
2026-04-27 17:58:15,039 - INFO - Successfully fetched movie/1297842/credits
2026-04-27 17:58:15,288 - INFO - Successfully fetched movie/1311031
2026-04-27 17:58:15,540 - INFO - Successfully fetched movie/1311031/credits
2026-04-27 17:58:15,789 - INFO - Successfully fetched movie/1641319
2026-04-27 17:58:16,041 - INFO - Successfully fetched movie/1641319/credits
2026-04-27 17:58:16,290 - INFO - Successfully fetched movie/1601797
2026-04-27 17:58:16,538 - INFO - Successfully fetched movie/1601797/credits
2026-04-27 17:58:16,790 - INFO - Successfully fetched movie/1084242
2026-04-27 17:58:17,043 - INFO - Successfully fetched movie/1084242/credits
2026-04-27 17:58:17,290 - INFO - Successfully fetched movie/1290417
2026-04-27 17:58:17,542 - INFO - Successfully fetched movie/1290417/credits
2026-04-27 17:58:17,879 - INFO - Successfully fetched tv/124364
2026-04-27 17:58:18,043 - INFO - Successfully fetched tv/124364/credits
2026-04-27 17:58:18,293 - INFO - Successfully fetched tv/76479
2026-04-27 17:58:18,544 - INFO - Successfully fetched tv/76479/credits
2026-04-27 17:58:18,794 - INFO - Successfully fetched tv/2734
2026-04-27 17:58:19,046 - INFO - Successfully fetched tv/2734/credits
2026-04-27 17:58:19,294 - INFO - Successfully fetched tv/79744
2026-04-27 17:58:19,544 - INFO - Successfully fetched tv/79744/credits
2026-04-27 17:58:19,795 - INFO - Successfully fetched tv/85552
2026-04-27 17:58:20,046 - INFO - Successfully fetched tv/85552/credits
2026-04-27 17:58:20,297 - INFO - Successfully fetched tv/549
2026-04-27 17:58:20,548 - INFO - Successfully fetched tv/549/credits
2026-04-27 17:58:20,798 - INFO - Successfully fetched tv/95557
2026-04-27 17:58:21,147 - INFO - Successfully fetched tv/95557/credits
2026-04-27 17:58:21,299 - INFO - Successfully fetched tv/4614
2026-04-27 17:58:21,550 - INFO - Successfully fetched tv/4614/credits
2026-04-27 17:58:21,800 - INFO - Successfully fetched tv/5920
2026-04-27 17:58:22,051 - INFO - Successfully fetched tv/5920/credits
2026-04-27 17:58:22,300 - INFO - Successfully fetched tv/4057
2026-04-27 17:58:22,551 - INFO - Successfully fetched tv/4057/credits
2026-04-27 17:58:22,803 - INFO - Successfully fetched tv/1622
2026-04-27 17:58:23,053 - INFO - Successfully fetched tv/1622/credits
2026-04-27 17:58:23,304 - INFO - Successfully fetched tv/1416
2026-04-27 17:58:23,555 - INFO - Successfully fetched tv/1416/credits
2026-04-27 17:58:23,804 - INFO - Successfully fetched tv/1399
2026-04-27 17:58:24,055 - INFO - Successfully fetched tv/1399/credits
2026-04-27 17:58:24,306 - INFO - Successfully fetched tv/456
2026-04-27 17:58:24,555 - INFO - Successfully fetched tv/456/credits
2026-04-27 17:58:24,807 - INFO - Successfully fetched tv/206122
2026-04-27 17:58:25,058 - INFO - Successfully fetched tv/206122/credits
2026-04-27 17:58:25,308 - INFO - Successfully fetched tv/110075
2026-04-27 17:58:25,559 - INFO - Successfully fetched tv/110075/credits
2026-04-27 17:58:25,810 - INFO - Successfully fetched tv/1434
2026-04-27 17:58:26,060 - INFO - Successfully fetched tv/1434/credits
2026-04-27 17:58:26,309 - INFO - Successfully fetched tv/1911
2026-04-27 17:58:26,560 - INFO - Successfully fetched tv/1911/credits
2026-04-27 17:58:26,810 - INFO - Successfully fetched tv/764
2026-04-27 17:58:27,063 - INFO - Successfully fetched tv/764/credits
2026-04-27 17:58:27,312 - INFO - Successfully fetched tv/4604
2026-04-27 17:58:27,562 - INFO - Successfully fetched tv/4604/credits
2026-04-27 18:05:54,912 - INFO - Successfully fetched movie/popular
2026-04-27 18:05:54,925 - INFO - Successfully fetched tv/popular
2026-04-27 18:05:55,175 - INFO - Successfully fetched movie/1226863
2026-04-27 18:05:55,427 - INFO - Successfully fetched movie/1226863/credits
2026-04-27 18:05:55,677 - INFO - Successfully fetched movie/1318447
2026-04-27 18:05:55,925 - INFO - Successfully fetched movie/1318447/credits
2026-04-27 18:05:56,175 - INFO - Successfully fetched movie/1523145
2026-04-27 18:05:56,426 - INFO - Successfully fetched movie/1523145/credits
2026-04-27 18:05:56,676 - INFO - Successfully fetched movie/1198994
2026-04-27 18:05:56,927 - INFO - Successfully fetched movie/1198994/credits
2026-04-27 18:05:57,178 - INFO - Successfully fetched movie/980431
2026-04-27 18:05:57,428 - INFO - Successfully fetched movie/980431/credits
2026-04-27 18:05:57,679 - INFO - Successfully fetched movie/936075
2026-04-27 18:05:57,930 - INFO - Successfully fetched movie/936075/credits
2026-04-27 18:05:58,181 - INFO - Successfully fetched movie/83533
2026-04-27 18:05:58,531 - INFO - Successfully fetched movie/83533/credits
2026-04-27 18:05:58,680 - INFO - Successfully fetched movie/1613798
2026-04-27 18:05:58,930 - INFO - Successfully fetched movie/1613798/credits
2026-04-27 18:05:59,180 - INFO - Successfully fetched movie/687163
2026-04-27 18:05:59,433 - INFO - Successfully fetched movie/687163/credits
2026-04-27 18:05:59,681 - INFO - Successfully fetched movie/1352874
2026-04-27 18:05:59,932 - INFO - Successfully fetched movie/1352874/credits
2026-04-27 18:06:00,183 - INFO - Successfully fetched movie/1327819
2026-04-27 18:06:00,435 - INFO - Successfully fetched movie/1327819/credits
2026-04-27 18:06:00,684 - INFO - Successfully fetched movie/1290821
2026-04-27 18:06:00,935 - INFO - Successfully fetched movie/1290821/credits
2026-04-27 18:06:01,185 - INFO - Successfully fetched movie/1470130
2026-04-27 18:06:01,437 - INFO - Successfully fetched movie/1470130/credits
2026-04-27 18:06:01,687 - INFO - Successfully fetched movie/1171145
2026-04-27 18:06:01,940 - INFO - Successfully fetched movie/1171145/credits
2026-04-27 18:06:02,186 - INFO - Successfully fetched movie/1297842
2026-04-27 18:06:02,441 - INFO - Successfully fetched movie/1297842/credits
2026-04-27 18:06:02,687 - INFO - Successfully fetched movie/1311031
2026-04-27 18:06:02,944 - INFO - Successfully fetched movie/1311031/credits
2026-04-27 18:06:03,189 - INFO - Successfully fetched movie/1641319
2026-04-27 18:06:03,441 - INFO - Successfully fetched movie/1641319/credits
2026-04-27 18:06:03,690 - INFO - Successfully fetched movie/1601797
2026-04-27 18:06:03,941 - INFO - Successfully fetched movie/1601797/credits
2026-04-27 18:06:04,191 - INFO - Successfully fetched movie/1084242
2026-04-27 18:06:04,447 - INFO - Successfully fetched movie/1084242/credits
2026-04-27 18:06:04,692 - INFO - Successfully fetched movie/1290417
2026-04-27 18:06:04,943 - INFO - Successfully fetched movie/1290417/credits
2026-04-27 18:06:05,194 - INFO - Successfully fetched tv/124364
2026-04-27 18:06:05,445 - INFO - Successfully fetched tv/124364/credits
2026-04-27 18:06:05,694 - INFO - Successfully fetched tv/76479
2026-04-27 18:06:05,947 - INFO - Successfully fetched tv/76479/credits
2026-04-27 18:06:06,198 - INFO - Successfully fetched tv/2734
2026-04-27 18:06:06,444 - INFO - Successfully fetched tv/2734/credits
2026-04-27 18:06:06,696 - INFO - Successfully fetched tv/79744
2026-04-27 18:06:06,945 - INFO - Successfully fetched tv/79744/credits
2026-04-27 18:06:07,197 - INFO - Successfully fetched tv/85552
2026-04-27 18:06:07,450 - INFO - Successfully fetched tv/85552/credits
2026-04-27 18:06:07,794 - INFO - Successfully fetched tv/549
2026-04-27 18:06:07,948 - INFO - Successfully fetched tv/549/credits
2026-04-27 18:06:08,199 - INFO - Successfully fetched tv/95557
2026-04-27 18:06:08,449 - INFO - Successfully fetched tv/95557/credits
2026-04-27 18:06:08,700 - INFO - Successfully fetched tv/4614
2026-04-27 18:06:08,951 - INFO - Successfully fetched tv/4614/credits
2026-04-27 18:06:09,202 - INFO - Successfully fetched tv/5920
2026-04-27 18:06:09,452 - INFO - Successfully fetched tv/5920/credits
2026-04-27 18:06:09,703 - INFO - Successfully fetched tv/4057
2026-04-27 18:06:09,953 - INFO - Successfully fetched tv/4057/credits
2026-04-27 18:06:10,204 - INFO - Successfully fetched tv/1622
2026-04-27 18:06:10,476 - INFO - Successfully fetched tv/1622/credits
2026-04-27 18:06:10,706 - INFO - Successfully fetched tv/1416
2026-04-27 18:06:10,956 - INFO - Successfully fetched tv/1416/credits
2026-04-27 18:06:11,205 - INFO - Successfully fetched tv/1399
2026-04-27 18:06:11,455 - INFO - Successfully fetched tv/1399/credits
2026-04-27 18:06:11,706 - INFO - Successfully fetched tv/456
2026-04-27 18:06:11,956 - INFO - Successfully fetched tv/456/credits
2026-04-27 18:06:12,205 - INFO - Successfully fetched tv/206122
2026-04-27 18:06:12,458 - INFO - Successfully fetched tv/206122/credits
2026-04-27 18:06:12,709 - INFO - Successfully fetched tv/110075
2026-04-27 18:06:12,956 - INFO - Successfully fetched tv/110075/credits
2026-04-27 18:06:13,207 - INFO - Successfully fetched tv/1434
2026-04-27 18:06:13,458 - INFO - Successfully fetched tv/1434/credits
2026-04-27 18:06:13,709 - INFO - Successfully fetched tv/1911
2026-04-27 18:06:13,962 - INFO - Successfully fetched tv/1911/credits
2026-04-27 18:06:14,210 - INFO - Successfully fetched tv/764
2026-04-27 18:06:14,463 - INFO - Successfully fetched tv/764/credits
2026-04-27 18:06:14,713 - INFO - Successfully fetched tv/4604
2026-04-27 18:06:14,963 - INFO - Successfully fetched tv/4604/credits
2026-04-27 18:53:46,914 - INFO - Successfully fetched movie/popular
2026-04-27 18:53:47,027 - INFO - Successfully fetched movie/1226863
2026-04-27 18:53:47,182 - INFO - Successfully fetched movie/1226863/credits
2026-04-27 18:53:47,430 - INFO - Successfully fetched movie/1318447
2026-04-27 18:53:47,681 - INFO - Successfully fetched movie/1318447/credits
2026-04-27 18:53:47,928 - INFO - Successfully fetched movie/1523145
2026-04-27 18:53:48,179 - INFO - Successfully fetched movie/1523145/credits
2026-04-27 18:53:48,433 - INFO - Successfully fetched movie/1198994
2026-04-27 18:53:48,682 - INFO - Successfully fetched movie/1198994/credits
2026-04-27 18:53:48,935 - INFO - Successfully fetched movie/980431
2026-04-27 18:53:49,275 - INFO - Successfully fetched movie/980431/credits
2026-04-27 18:53:49,433 - INFO - Successfully fetched movie/936075
2026-04-27 18:53:49,683 - INFO - Successfully fetched movie/936075/credits
2026-04-27 18:53:50,025 - INFO - Successfully fetched movie/83533
2026-04-27 18:53:50,185 - INFO - Successfully fetched movie/83533/credits
2026-04-27 18:53:50,435 - INFO - Successfully fetched movie/1613798
2026-04-27 18:53:50,686 - INFO - Successfully fetched movie/1613798/credits
2026-04-27 18:53:50,937 - INFO - Successfully fetched movie/687163
2026-04-27 18:53:51,200 - INFO - Successfully fetched movie/687163/credits
2026-04-27 18:53:51,438 - INFO - Successfully fetched movie/1352874
2026-04-27 18:53:51,685 - INFO - Successfully fetched movie/1352874/credits
2026-04-27 18:53:52,091 - INFO - Successfully fetched movie/1327819
2026-04-27 18:53:52,188 - INFO - Successfully fetched movie/1327819/credits
2026-04-27 18:53:52,527 - INFO - Successfully fetched movie/1290821
2026-04-27 18:53:52,690 - INFO - Successfully fetched movie/1290821/credits
2026-04-27 18:53:52,940 - INFO - Successfully fetched movie/1470130
2026-04-27 18:53:53,214 - INFO - Successfully fetched movie/1470130/credits
2026-04-27 18:53:53,441 - INFO - Successfully fetched movie/1171145
2026-04-27 18:53:53,692 - INFO - Successfully fetched movie/1171145/credits
2026-04-27 18:53:53,943 - INFO - Successfully fetched movie/1297842
2026-04-27 18:53:54,195 - INFO - Successfully fetched movie/1297842/credits
2026-04-27 18:53:54,443 - INFO - Successfully fetched movie/1311031
2026-04-27 18:53:54,693 - INFO - Successfully fetched movie/1311031/credits
2026-04-27 18:53:54,942 - INFO - Successfully fetched movie/1641319
2026-04-27 18:53:55,195 - INFO - Successfully fetched movie/1641319/credits
2026-04-27 18:53:55,444 - INFO - Successfully fetched movie/1601797
2026-04-27 18:53:55,696 - INFO - Successfully fetched movie/1601797/credits
2026-04-27 18:53:55,948 - INFO - Successfully fetched movie/1084242
2026-04-27 18:53:56,330 - INFO - Successfully fetched movie/1084242/credits
2026-04-27 18:53:56,451 - INFO - Successfully fetched movie/1290417
2026-04-27 18:53:56,699 - INFO - Successfully fetched movie/1290417/credits
2026-04-27 18:56:34,418 - INFO - Successfully fetched movie/popular
2026-04-27 18:56:34,452 - INFO - Successfully fetched movie/1226863
2026-04-27 18:56:34,682 - INFO - Successfully fetched movie/1226863/credits
2026-04-27 18:56:34,929 - INFO - Successfully fetched movie/1318447
2026-04-27 18:56:35,189 - INFO - Successfully fetched movie/1318447/credits
2026-04-27 18:56:35,430 - INFO - Successfully fetched movie/1523145
2026-04-27 18:56:35,680 - INFO - Successfully fetched movie/1523145/credits
2026-04-27 18:56:35,930 - INFO - Successfully fetched movie/1198994
2026-04-27 18:56:36,182 - INFO - Successfully fetched movie/1198994/credits
2026-04-27 18:56:36,432 - INFO - Successfully fetched movie/980431
2026-04-27 18:56:36,684 - INFO - Successfully fetched movie/980431/credits
2026-04-27 18:56:36,934 - INFO - Successfully fetched movie/936075
2026-04-27 18:56:37,186 - INFO - Successfully fetched movie/936075/credits
2026-04-27 18:56:37,463 - INFO - Successfully fetched movie/83533
2026-04-27 18:56:37,689 - INFO - Successfully fetched movie/83533/credits
2026-04-27 18:56:37,939 - INFO - Successfully fetched movie/1613798
2026-04-27 18:56:38,188 - INFO - Successfully fetched movie/1613798/credits
2026-04-27 18:56:38,437 - INFO - Successfully fetched movie/687163
2026-04-27 18:56:38,792 - INFO - Successfully fetched movie/687163/credits
2026-04-27 18:56:38,940 - INFO - Successfully fetched movie/1352874
2026-04-27 18:56:39,189 - INFO - Successfully fetched movie/1352874/credits
2026-04-27 18:56:39,440 - INFO - Successfully fetched movie/1327819
2026-04-27 18:56:39,690 - INFO - Successfully fetched movie/1327819/credits
2026-04-27 18:56:39,968 - INFO - Successfully fetched movie/1290821
2026-04-27 18:56:40,191 - INFO - Successfully fetched movie/1290821/credits
2026-04-27 18:56:40,439 - INFO - Successfully fetched movie/1470130
2026-04-27 18:56:40,693 - INFO - Successfully fetched movie/1470130/credits
2026-04-27 18:56:40,943 - INFO - Successfully fetched movie/1171145
2026-04-27 18:56:41,195 - INFO - Successfully fetched movie/1171145/credits
2026-04-27 18:56:41,444 - INFO - Successfully fetched movie/1297842
2026-04-27 18:56:41,698 - INFO - Successfully fetched movie/1297842/credits
2026-04-27 18:56:41,946 - INFO - Successfully fetched movie/1311031
2026-04-27 18:56:42,201 - INFO - Successfully fetched movie/1311031/credits
2026-04-27 18:56:42,447 - INFO - Successfully fetched movie/1641319
2026-04-27 18:56:42,699 - INFO - Successfully fetched movie/1641319/credits
2026-04-27 18:56:42,947 - INFO - Successfully fetched movie/1601797
2026-04-27 18:56:43,197 - INFO - Successfully fetched movie/1601797/credits
2026-04-27 18:56:43,449 - INFO - Successfully fetched movie/1084242
2026-04-27 18:56:43,703 - INFO - Successfully fetched movie/1084242/credits
2026-04-27 18:56:43,954 - INFO - Successfully fetched movie/1290417
2026-04-27 18:56:44,202 - INFO - Successfully fetched movie/1290417/credits
2026-04-27 18:58:49,925 - INFO - Successfully fetched movie/popular
2026-04-27 18:58:49,936 - INFO - Successfully fetched movie/1226863
2026-04-27 18:58:50,191 - INFO - Successfully fetched movie/1226863/credits
2026-04-27 18:58:50,438 - INFO - Successfully fetched movie/1318447
2026-04-27 18:58:50,689 - INFO - Successfully fetched movie/1318447/credits
2026-04-27 18:58:50,943 - INFO - Successfully fetched movie/1523145
2026-04-27 18:58:51,288 - INFO - Successfully fetched movie/1523145/credits
2026-04-27 18:58:51,443 - INFO - Successfully fetched movie/1198994
2026-04-27 18:58:51,691 - INFO - Successfully fetched movie/1198994/credits
2026-04-27 18:58:51,940 - INFO - Successfully fetched movie/980431
2026-04-27 18:58:52,193 - INFO - Successfully fetched movie/980431/credits
2026-04-27 18:58:52,445 - INFO - Successfully fetched movie/936075
2026-04-27 18:58:52,694 - INFO - Successfully fetched movie/936075/credits
2026-04-27 18:58:52,943 - INFO - Successfully fetched movie/83533
2026-04-27 18:58:53,194 - INFO - Successfully fetched movie/83533/credits
2026-04-27 18:58:53,445 - INFO - Successfully fetched movie/1613798
2026-04-27 18:58:53,788 - INFO - Successfully fetched movie/1613798/credits
2026-04-27 18:58:53,946 - INFO - Successfully fetched movie/687163
2026-04-27 18:58:54,199 - INFO - Successfully fetched movie/687163/credits
2026-04-27 18:58:54,448 - INFO - Successfully fetched movie/1352874
2026-04-27 18:58:54,699 - INFO - Successfully fetched movie/1352874/credits
2026-04-27 18:58:54,952 - INFO - Successfully fetched movie/1327819
2026-04-27 18:58:55,206 - INFO - Successfully fetched movie/1327819/credits
2026-04-27 18:58:55,450 - INFO - Successfully fetched movie/1290821
2026-04-27 18:58:55,700 - INFO - Successfully fetched movie/1290821/credits
2026-04-27 18:58:55,953 - INFO - Successfully fetched movie/1470130
2026-04-27 18:58:56,202 - INFO - Successfully fetched movie/1470130/credits
2026-04-27 18:58:56,451 - INFO - Successfully fetched movie/1171145
2026-04-27 18:58:56,706 - INFO - Successfully fetched movie/1171145/credits
2026-04-27 18:58:56,952 - INFO - Successfully fetched movie/1297842
2026-04-27 18:58:57,206 - INFO - Successfully fetched movie/1297842/credits
2026-04-27 18:58:57,454 - INFO - Successfully fetched movie/1311031
2026-04-27 18:58:57,710 - INFO - Successfully fetched movie/1311031/credits
2026-04-27 18:58:57,956 - INFO - Successfully fetched movie/1641319
2026-04-27 18:58:58,209 - INFO - Successfully fetched movie/1641319/credits
2026-04-27 18:58:58,459 - INFO - Successfully fetched movie/1601797
2026-04-27 18:58:58,709 - INFO - Successfully fetched movie/1601797/credits
2026-04-27 18:58:58,959 - INFO - Successfully fetched movie/1084242
2026-04-27 18:58:59,211 - INFO - Successfully fetched movie/1084242/credits
2026-04-27 18:58:59,460 - INFO - Successfully fetched movie/1290417
2026-04-27 18:58:59,709 - INFO - Successfully fetched movie/1290417/credits
2026-04-27 20:28:30,637 - INFO - Successfully fetched movie/popular
2026-04-27 20:28:30,657 - INFO - Successfully fetched movie/1226863
2026-04-27 20:28:30,906 - INFO - Successfully fetched movie/1226863/credits
2026-04-27 20:28:31,240 - INFO - Successfully fetched movie/1318447
2026-04-27 20:28:31,405 - INFO - Successfully fetched movie/1318447/credits
2026-04-27 20:28:31,655 - INFO - Successfully fetched movie/1523145
2026-04-27 20:28:31,987 - INFO - Successfully fetched movie/1523145/credits
2026-04-27 20:28:32,163 - INFO - Successfully fetched movie/1198994
2026-04-27 20:28:32,525 - INFO - Successfully fetched movie/1198994/credits
2026-04-27 20:28:32,755 - INFO - Successfully fetched movie/980431
2026-04-27 20:28:32,933 - INFO - Successfully fetched movie/980431/credits
2026-04-27 20:28:33,159 - INFO - Successfully fetched movie/936075
2026-04-27 20:28:33,410 - INFO - Successfully fetched movie/936075/credits
2026-04-27 20:28:33,657 - INFO - Successfully fetched movie/83533
2026-04-27 20:28:33,913 - INFO - Successfully fetched movie/83533/credits
2026-04-27 20:28:34,252 - INFO - Successfully fetched movie/1613798
2026-04-27 20:28:34,438 - INFO - Successfully fetched movie/1613798/credits
2026-04-27 20:28:34,754 - INFO - Successfully fetched movie/1352874
2026-04-27 20:28:35,001 - INFO - Successfully fetched movie/1352874/credits
2026-04-27 20:28:35,159 - INFO - Successfully fetched movie/1327819
2026-04-27 20:28:35,413 - INFO - Successfully fetched movie/1327819/credits
2026-04-27 20:28:35,659 - INFO - Successfully fetched movie/1290821
2026-04-27 20:28:36,007 - INFO - Successfully fetched movie/1290821/credits
2026-04-27 20:28:36,162 - INFO - Successfully fetched movie/687163
2026-04-27 20:28:36,417 - INFO - Successfully fetched movie/687163/credits
2026-04-27 20:28:36,752 - INFO - Successfully fetched movie/1470130
2026-04-27 20:28:36,917 - INFO - Successfully fetched movie/1470130/credits
2026-04-27 20:28:37,165 - INFO - Successfully fetched movie/1171145
2026-04-27 20:28:37,417 - INFO - Successfully fetched movie/1171145/credits
2026-04-27 20:28:37,667 - INFO - Successfully fetched movie/1297842
2026-04-27 20:28:37,921 - INFO - Successfully fetched movie/1297842/credits
2026-04-27 20:28:38,167 - INFO - Successfully fetched movie/1311031
2026-04-27 20:28:38,421 - INFO - Successfully fetched movie/1311031/credits
2026-04-27 20:28:38,692 - INFO - Successfully fetched movie/1641319
2026-04-27 20:28:38,925 - INFO - Successfully fetched movie/1641319/credits
2026-04-27 20:28:39,171 - INFO - Successfully fetched movie/1601797
2026-04-27 20:28:39,421 - INFO - Successfully fetched movie/1601797/credits
2026-04-27 20:28:39,758 - INFO - Successfully fetched movie/1084242
2026-04-27 20:28:39,926 - INFO - Successfully fetched movie/1084242/credits
2026-04-27 20:28:40,269 - INFO - Successfully fetched movie/1290417
2026-04-27 20:28:40,422 - INFO - Successfully fetched movie/1290417/credits
2026-04-27 20:28:40,777 - INFO - Successfully fetched movie/popular
2026-04-27 20:28:41,018 - INFO - Successfully fetched movie/350
2026-04-27 20:28:41,363 - INFO - Successfully fetched movie/350/credits
2026-04-27 20:28:41,528 - INFO - Successfully fetched movie/1304313
2026-04-27 20:28:41,875 - INFO - Successfully fetched movie/1304313/credits
2026-04-27 20:28:42,012 - INFO - Successfully fetched movie/10867
2026-04-27 20:28:42,389 - INFO - Successfully fetched movie/10867/credits
2026-04-27 20:28:42,517 - INFO - Successfully fetched movie/1084577
2026-04-27 20:28:42,777 - INFO - Successfully fetched movie/1084577/credits
2026-04-27 20:28:43,025 - INFO - Successfully fetched movie/1010755
2026-04-27 20:28:43,269 - INFO - Successfully fetched movie/1010755/credits
2026-04-27 20:28:43,527 - INFO - Successfully fetched movie/1419406
2026-04-27 20:28:43,922 - INFO - Successfully fetched movie/1419406/credits
2026-04-27 20:28:44,126 - INFO - Successfully fetched movie/1159559
2026-04-27 20:28:44,331 - INFO - Successfully fetched movie/1159559/credits
2026-04-27 20:28:44,639 - INFO - Successfully fetched movie/840464
2026-04-27 20:28:44,783 - INFO - Successfully fetched movie/840464/credits
2026-04-27 20:28:45,075 - INFO - Successfully fetched movie/1368166
2026-04-27 20:28:45,465 - INFO - Successfully fetched movie/1368166/credits
2026-04-27 20:28:45,640 - INFO - Successfully fetched movie/1242898
2026-04-27 20:28:45,829 - INFO - Successfully fetched movie/1242898/credits
2026-04-27 20:28:46,095 - INFO - Successfully fetched movie/1207162
2026-04-27 20:28:46,518 - INFO - Successfully fetched movie/1207162/credits
2026-04-27 20:28:46,641 - INFO - Successfully fetched movie/502356
2026-04-27 20:28:46,924 - INFO - Successfully fetched movie/502356/credits
2026-04-27 20:28:47,188 - INFO - Successfully fetched movie/157336
2026-04-27 20:28:47,399 - INFO - Successfully fetched movie/157336/credits
2026-04-27 20:28:47,661 - INFO - Successfully fetched movie/440249
2026-04-27 20:28:47,939 - INFO - Successfully fetched movie/440249/credits
2026-04-27 20:28:48,143 - INFO - Successfully fetched movie/1480387
2026-04-27 20:28:48,402 - INFO - Successfully fetched movie/1480387/credits
2026-04-27 20:28:48,644 - INFO - Successfully fetched movie/1107166
2026-04-27 20:28:48,889 - INFO - Successfully fetched movie/1107166/credits
2026-04-27 20:28:49,154 - INFO - Successfully fetched movie/1234731
2026-04-27 20:28:49,395 - INFO - Successfully fetched movie/1234731/credits
2026-04-27 20:28:49,632 - INFO - Successfully fetched movie/755898
2026-04-27 20:28:49,891 - INFO - Successfully fetched movie/755898/credits
2026-04-27 20:28:50,138 - INFO - Successfully fetched movie/1193501
2026-04-27 20:28:50,394 - INFO - Successfully fetched movie/1193501/credits
2026-04-27 20:28:50,646 - INFO - Successfully fetched movie/1499885
2026-04-27 20:28:50,906 - INFO - Successfully fetched movie/1499885/credits
2026-04-27 20:28:51,141 - INFO - Successfully fetched movie/popular
2026-04-27 20:28:51,499 - INFO - Successfully fetched movie/120
2026-04-27 20:28:51,645 - INFO - Successfully fetched movie/120/credits
2026-04-27 20:28:51,896 - INFO - Successfully fetched movie/1265609
2026-04-27 20:28:52,145 - INFO - Successfully fetched movie/1265609/credits
2026-04-27 20:28:52,396 - INFO - Successfully fetched movie/1270125
2026-04-27 20:28:52,642 - INFO - Successfully fetched movie/1270125/credits
2026-04-27 20:28:52,891 - INFO - Successfully fetched movie/1115544
2026-04-27 20:28:53,150 - INFO - Successfully fetched movie/1115544/credits
2026-04-27 20:28:53,394 - INFO - Successfully fetched movie/122
2026-04-27 20:28:53,656 - INFO - Successfully fetched movie/122/credits
2026-04-27 20:28:53,898 - INFO - Successfully fetched movie/1433828
2026-04-27 20:28:54,146 - INFO - Successfully fetched movie/1433828/credits
2026-04-27 20:28:54,402 - INFO - Successfully fetched movie/848116
2026-04-27 20:28:54,677 - INFO - Successfully fetched movie/848116/credits
2026-04-27 20:28:54,896 - INFO - Successfully fetched movie/634649
2026-04-27 20:28:55,151 - INFO - Successfully fetched movie/634649/credits
2026-04-27 20:28:55,395 - INFO - Successfully fetched movie/1659087
2026-04-27 20:28:55,642 - INFO - Successfully fetched movie/1659087/credits
2026-04-27 20:28:55,901 - INFO - Successfully fetched movie/7451
2026-04-27 20:28:56,217 - INFO - Successfully fetched movie/7451/credits
2026-04-27 20:29:17,925 - INFO - Successfully fetched movie/popular
2026-04-27 20:29:17,937 - INFO - Successfully fetched movie/1226863
2026-04-27 20:29:18,193 - INFO - Successfully fetched movie/1226863/credits
2026-04-27 20:29:18,465 - INFO - Successfully fetched movie/1318447
2026-04-27 20:29:18,689 - INFO - Successfully fetched movie/1318447/credits
2026-04-27 20:29:18,938 - INFO - Successfully fetched movie/1523145
2026-04-27 20:29:19,190 - INFO - Successfully fetched movie/1523145/credits
2026-04-27 20:29:19,440 - INFO - Successfully fetched movie/1198994
2026-04-27 20:29:19,695 - INFO - Successfully fetched movie/1198994/credits
2026-04-27 20:29:19,944 - INFO - Successfully fetched movie/980431
2026-04-27 20:29:20,195 - INFO - Successfully fetched movie/980431/credits
2026-04-27 20:29:20,447 - INFO - Successfully fetched movie/936075
2026-04-27 20:29:20,726 - INFO - Successfully fetched movie/936075/credits
2026-04-27 20:29:20,946 - INFO - Successfully fetched movie/83533
2026-04-27 20:29:21,201 - INFO - Successfully fetched movie/83533/credits
2026-04-27 20:29:21,471 - INFO - Successfully fetched movie/1613798
2026-04-27 20:29:21,699 - INFO - Successfully fetched movie/1613798/credits
2026-04-27 20:29:21,945 - INFO - Successfully fetched movie/1352874
2026-04-27 20:29:22,197 - INFO - Successfully fetched movie/1352874/credits
2026-04-27 20:29:22,447 - INFO - Successfully fetched movie/1327819
2026-04-27 20:29:22,706 - INFO - Successfully fetched movie/1327819/credits
2026-04-27 20:29:22,945 - INFO - Successfully fetched movie/1290821
2026-04-27 20:29:23,199 - INFO - Successfully fetched movie/1290821/credits
2026-04-27 20:29:23,448 - INFO - Successfully fetched movie/687163
2026-04-27 20:29:23,703 - INFO - Successfully fetched movie/687163/credits
2026-04-27 20:29:23,982 - INFO - Successfully fetched movie/1470130
2026-04-27 20:29:24,197 - INFO - Successfully fetched movie/1470130/credits
2026-04-27 20:29:24,449 - INFO - Successfully fetched movie/1171145
2026-04-27 20:29:24,698 - INFO - Successfully fetched movie/1171145/credits
2026-04-27 20:29:24,953 - INFO - Successfully fetched movie/1297842
2026-04-27 20:29:25,205 - INFO - Successfully fetched movie/1297842/credits
2026-04-27 20:29:25,452 - INFO - Successfully fetched movie/1311031
2026-04-27 20:29:25,705 - INFO - Successfully fetched movie/1311031/credits
2026-04-27 20:29:25,953 - INFO - Successfully fetched movie/1641319
2026-04-27 20:29:26,206 - INFO - Successfully fetched movie/1641319/credits
2026-04-27 20:29:26,454 - INFO - Successfully fetched movie/1601797
2026-04-27 20:29:26,713 - INFO - Successfully fetched movie/1601797/credits
2026-04-27 20:29:26,952 - INFO - Successfully fetched movie/1084242
2026-04-27 20:29:27,208 - INFO - Successfully fetched movie/1084242/credits
2026-04-27 20:29:27,454 - INFO - Successfully fetched movie/1290417
2026-04-27 20:29:27,704 - INFO - Successfully fetched movie/1290417/credits
2026-04-27 20:29:27,982 - INFO - Successfully fetched movie/popular
2026-04-27 20:29:28,235 - INFO - Successfully fetched movie/350
2026-04-27 20:29:28,487 - INFO - Successfully fetched movie/350/credits
2026-04-27 20:29:28,734 - INFO - Successfully fetched movie/1304313
2026-04-27 20:29:28,985 - INFO - Successfully fetched movie/1304313/credits
2026-04-27 20:29:29,241 - INFO - Successfully fetched movie/10867
2026-04-27 20:29:29,488 - INFO - Successfully fetched movie/10867/credits
2026-04-27 20:29:29,788 - INFO - Successfully fetched movie/1084577
2026-04-27 20:29:29,993 - INFO - Successfully fetched movie/1084577/credits
2026-04-27 20:29:30,244 - INFO - Successfully fetched movie/1010755
2026-04-27 20:29:30,491 - INFO - Successfully fetched movie/1010755/credits
2026-04-27 20:29:30,741 - INFO - Successfully fetched movie/1419406
2026-04-27 20:29:30,990 - INFO - Successfully fetched movie/1419406/credits
2026-04-27 20:29:31,240 - INFO - Successfully fetched movie/1159559
2026-04-27 20:29:31,496 - INFO - Successfully fetched movie/1159559/credits
2026-04-27 20:29:31,744 - INFO - Successfully fetched movie/840464
2026-04-27 20:29:31,995 - INFO - Successfully fetched movie/840464/credits
2026-04-27 20:29:32,247 - INFO - Successfully fetched movie/1368166
2026-04-27 20:29:32,507 - INFO - Successfully fetched movie/1368166/credits
2026-04-27 20:29:32,744 - INFO - Successfully fetched movie/1242898
2026-04-27 20:29:33,046 - INFO - Successfully fetched movie/1242898/credits
2026-04-27 20:29:33,243 - INFO - Successfully fetched movie/1207162
2026-04-27 20:29:33,497 - INFO - Successfully fetched movie/1207162/credits
2026-04-27 20:29:33,744 - INFO - Successfully fetched movie/502356
2026-04-27 20:29:34,000 - INFO - Successfully fetched movie/502356/credits
2026-04-27 20:29:34,247 - INFO - Successfully fetched movie/157336
2026-04-27 20:29:34,503 - INFO - Successfully fetched movie/157336/credits
2026-04-27 20:29:34,747 - INFO - Successfully fetched movie/440249
2026-04-27 20:29:34,995 - INFO - Successfully fetched movie/440249/credits
2026-04-27 20:29:35,248 - INFO - Successfully fetched movie/1480387
2026-04-27 20:29:35,498 - INFO - Successfully fetched movie/1480387/credits
2026-04-27 20:29:35,799 - INFO - Successfully fetched movie/1107166
2026-04-27 20:29:35,999 - INFO - Successfully fetched movie/1107166/credits
2026-04-27 20:29:36,251 - INFO - Successfully fetched movie/1234731
2026-04-27 20:29:36,507 - INFO - Successfully fetched movie/1234731/credits
2026-04-27 20:29:36,756 - INFO - Successfully fetched movie/755898
2026-04-27 20:29:37,008 - INFO - Successfully fetched movie/755898/credits
2026-04-27 20:29:37,255 - INFO - Successfully fetched movie/1193501
2026-04-27 20:29:37,508 - INFO - Successfully fetched movie/1193501/credits
2026-04-27 20:29:37,759 - INFO - Successfully fetched movie/1499885
2026-04-27 20:29:38,065 - INFO - Successfully fetched movie/1499885/credits
2026-04-27 20:29:38,292 - INFO - Successfully fetched movie/popular
2026-04-27 20:29:38,523 - INFO - Successfully fetched movie/120
2026-04-27 20:29:38,773 - INFO - Successfully fetched movie/120/credits
2026-04-27 20:29:39,014 - INFO - Successfully fetched movie/1265609
2026-04-27 20:29:39,265 - INFO - Successfully fetched movie/1265609/credits
2026-04-27 20:29:39,514 - INFO - Successfully fetched movie/1270125
2026-04-27 20:29:39,765 - INFO - Successfully fetched movie/1270125/credits
2026-04-27 20:29:40,018 - INFO - Successfully fetched movie/1115544
2026-04-27 20:29:40,267 - INFO - Successfully fetched movie/1115544/credits
2026-04-27 20:29:40,515 - INFO - Successfully fetched movie/122
2026-04-27 20:29:40,770 - INFO - Successfully fetched movie/122/credits
2026-04-27 20:29:41,016 - INFO - Successfully fetched movie/1433828
2026-04-27 20:29:41,270 - INFO - Successfully fetched movie/1433828/credits
2026-04-27 20:29:41,518 - INFO - Successfully fetched movie/848116
2026-04-27 20:29:41,771 - INFO - Successfully fetched movie/848116/credits
2026-04-27 20:29:42,020 - INFO - Successfully fetched movie/634649
2026-04-27 20:29:42,269 - INFO - Successfully fetched movie/634649/credits
2026-04-27 20:29:42,521 - INFO - Successfully fetched movie/1659087
2026-04-27 20:29:42,769 - INFO - Successfully fetched movie/1659087/credits
2026-04-27 20:29:43,025 - INFO - Successfully fetched movie/7451
2026-04-27 20:29:43,279 - INFO - Successfully fetched movie/7451/credits
2026-04-27 21:34:13,907 - INFO - Successfully fetched movie/popular
2026-04-27 21:34:13,920 - INFO - Successfully fetched movie/1226863
2026-04-27 21:34:14,170 - INFO - Successfully fetched movie/1226863/credits
2026-04-27 21:34:14,420 - INFO - Successfully fetched movie/1318447
2026-04-27 21:34:14,763 - INFO - Successfully fetched movie/1318447/credits
2026-04-27 21:34:14,921 - INFO - Successfully fetched movie/1523145
2026-04-27 21:34:15,172 - INFO - Successfully fetched movie/1523145/credits
2026-04-27 21:34:15,422 - INFO - Successfully fetched movie/1198994
2026-04-27 21:34:15,677 - INFO - Successfully fetched movie/1198994/credits
2026-04-27 21:34:15,923 - INFO - Successfully fetched movie/980431
2026-04-27 21:34:16,174 - INFO - Successfully fetched movie/980431/credits
2026-04-27 21:34:16,425 - INFO - Successfully fetched movie/936075
2026-04-27 21:34:16,677 - INFO - Successfully fetched movie/936075/credits
2026-04-27 21:34:16,929 - INFO - Successfully fetched movie/83533
2026-04-27 21:34:17,175 - INFO - Successfully fetched movie/83533/credits
2026-04-27 21:34:17,428 - INFO - Successfully fetched movie/1613798
2026-04-27 21:34:17,678 - INFO - Successfully fetched movie/1613798/credits
2026-04-27 21:34:17,930 - INFO - Successfully fetched movie/1352874
2026-04-27 21:34:18,183 - INFO - Successfully fetched movie/1352874/credits
2026-04-27 21:34:18,427 - INFO - Successfully fetched movie/1327819
2026-04-27 21:34:18,679 - INFO - Successfully fetched movie/1327819/credits
2026-04-27 21:34:18,928 - INFO - Successfully fetched movie/1290821
2026-04-27 21:34:19,180 - INFO - Successfully fetched movie/1290821/credits
2026-04-27 21:34:19,521 - INFO - Successfully fetched movie/687163
2026-04-27 21:34:19,682 - INFO - Successfully fetched movie/687163/credits
2026-04-27 21:34:19,933 - INFO - Successfully fetched movie/1470130
2026-04-27 21:34:20,182 - INFO - Successfully fetched movie/1470130/credits
2026-04-27 21:34:20,526 - INFO - Successfully fetched movie/1171145
2026-04-27 21:34:20,779 - INFO - Successfully fetched movie/1171145/credits
2026-04-27 21:34:20,934 - INFO - Successfully fetched movie/1297842
2026-04-27 21:34:21,190 - INFO - Successfully fetched movie/1297842/credits
2026-04-27 21:34:21,436 - INFO - Successfully fetched movie/1311031
2026-04-27 21:34:21,691 - INFO - Successfully fetched movie/1311031/credits
2026-04-27 21:34:21,939 - INFO - Successfully fetched movie/1641319
2026-04-27 21:34:22,191 - INFO - Successfully fetched movie/1641319/credits
2026-04-27 21:34:22,442 - INFO - Successfully fetched movie/1601797
2026-04-27 21:34:22,691 - INFO - Successfully fetched movie/1601797/credits
2026-04-27 21:34:22,944 - INFO - Successfully fetched movie/1084242
2026-04-27 21:34:23,199 - INFO - Successfully fetched movie/1084242/credits
2026-04-27 21:34:23,444 - INFO - Successfully fetched movie/1290417
2026-04-27 21:34:23,789 - INFO - Successfully fetched movie/1290417/credits
2026-04-27 21:34:23,942 - INFO - Successfully fetched movie/popular
2026-04-27 21:34:24,289 - INFO - Successfully fetched movie/350
2026-04-27 21:34:24,442 - INFO - Successfully fetched movie/350/credits
2026-04-27 21:34:24,790 - INFO - Successfully fetched movie/1304313
2026-04-27 21:34:24,943 - INFO - Successfully fetched movie/1304313/credits
2026-04-27 21:34:25,290 - INFO - Successfully fetched movie/10867
2026-04-27 21:34:25,446 - INFO - Successfully fetched movie/10867/credits
2026-04-27 21:34:25,699 - INFO - Successfully fetched movie/1084577
2026-04-27 21:34:25,953 - INFO - Successfully fetched movie/1084577/credits
2026-04-27 21:34:26,200 - INFO - Successfully fetched movie/1010755
2026-04-27 21:34:26,545 - INFO - Successfully fetched movie/1010755/credits
2026-04-27 21:34:26,700 - INFO - Successfully fetched movie/1419406
2026-04-27 21:34:27,045 - INFO - Successfully fetched movie/1419406/credits
2026-04-27 21:34:27,199 - INFO - Successfully fetched movie/1159559
2026-04-27 21:34:27,455 - INFO - Successfully fetched movie/1159559/credits
2026-04-27 21:34:27,701 - INFO - Successfully fetched movie/840464
2026-04-27 21:34:27,952 - INFO - Successfully fetched movie/840464/credits
2026-04-27 21:34:28,206 - INFO - Successfully fetched movie/1368166
2026-04-27 21:34:28,457 - INFO - Successfully fetched movie/1368166/credits
2026-04-27 21:34:28,708 - INFO - Successfully fetched movie/1242898
2026-04-27 21:34:29,052 - INFO - Successfully fetched movie/1242898/credits
2026-04-27 21:34:29,205 - INFO - Successfully fetched movie/1207162
2026-04-27 21:34:29,555 - INFO - Successfully fetched movie/1207162/credits
2026-04-27 21:34:29,708 - INFO - Successfully fetched movie/502356
2026-04-27 21:34:29,969 - INFO - Successfully fetched movie/502356/credits
2026-04-27 21:34:30,294 - INFO - Successfully fetched movie/157336
2026-04-27 21:34:30,465 - INFO - Successfully fetched movie/157336/credits
2026-04-27 21:34:30,709 - INFO - Successfully fetched movie/440249
2026-04-27 21:34:30,962 - INFO - Successfully fetched movie/440249/credits
2026-04-27 21:34:31,212 - INFO - Successfully fetched movie/1480387
2026-04-27 21:34:31,563 - INFO - Successfully fetched movie/1480387/credits
2026-04-27 21:34:31,713 - INFO - Successfully fetched movie/1107166
2026-04-27 21:34:31,970 - INFO - Successfully fetched movie/1107166/credits
2026-04-27 21:34:32,215 - INFO - Successfully fetched movie/1234731
2026-04-27 21:34:32,469 - INFO - Successfully fetched movie/1234731/credits
2026-04-27 21:34:32,816 - INFO - Successfully fetched movie/755898
2026-04-27 21:34:33,063 - INFO - Successfully fetched movie/755898/credits
2026-04-27 21:34:33,217 - INFO - Successfully fetched movie/1193501
2026-04-27 21:34:33,468 - INFO - Successfully fetched movie/1193501/credits
2026-04-27 21:34:33,716 - INFO - Successfully fetched movie/1499885
2026-04-27 21:34:34,065 - INFO - Successfully fetched movie/1499885/credits
2026-04-27 21:34:34,221 - INFO - Successfully fetched movie/popular
2026-04-27 21:34:34,471 - INFO - Successfully fetched movie/120
2026-04-27 21:34:34,723 - INFO - Successfully fetched movie/120/credits
2026-04-27 21:34:34,976 - INFO - Successfully fetched movie/1265609
2026-04-27 21:34:35,225 - INFO - Successfully fetched movie/1265609/credits
2026-04-27 21:34:35,477 - INFO - Successfully fetched movie/1270125
2026-04-27 21:34:35,726 - INFO - Successfully fetched movie/1270125/credits
2026-04-27 21:34:35,980 - INFO - Successfully fetched movie/1115544
2026-04-27 21:34:36,317 - INFO - Successfully fetched movie/1115544/credits
2026-04-27 21:34:36,477 - INFO - Successfully fetched movie/122
2026-04-27 21:34:36,733 - INFO - Successfully fetched movie/122/credits
2026-04-27 21:34:36,979 - INFO - Successfully fetched movie/1433828
2026-04-27 21:34:37,324 - INFO - Successfully fetched movie/1433828/credits
2026-04-27 21:34:37,480 - INFO - Successfully fetched movie/848116
2026-04-27 21:34:37,737 - INFO - Successfully fetched movie/848116/credits
2026-04-27 21:34:37,985 - INFO - Successfully fetched movie/634649
2026-04-27 21:34:38,330 - INFO - Successfully fetched movie/634649/credits
2026-04-27 21:34:38,484 - INFO - Successfully fetched movie/1659087
2026-04-27 21:34:38,735 - INFO - Successfully fetched movie/1659087/credits
2026-04-27 21:34:38,983 - INFO - Successfully fetched movie/7451
2026-04-27 21:34:39,238 - INFO - Successfully fetched movie/7451/credits
2026-04-28 00:20:59,282 - INFO - Successfully fetched movie/popular
2026-04-28 00:20:59,323 - INFO - Successfully fetched movie/1226863
2026-04-28 00:20:59,642 - INFO - Successfully fetched movie/1226863/credits
2026-04-28 00:20:59,878 - INFO - Successfully fetched movie/1318447
2026-04-28 00:21:00,160 - INFO - Successfully fetched movie/1318447/credits
2026-04-28 00:21:00,412 - INFO - Successfully fetched movie/1523145
2026-04-28 00:21:00,629 - INFO - Successfully fetched movie/1523145/credits
2026-04-28 00:21:00,976 - INFO - Successfully fetched movie/1198994
2026-04-28 00:21:01,111 - INFO - Successfully fetched movie/1198994/credits
2026-04-28 00:21:01,385 - INFO - Successfully fetched movie/980431
2026-04-28 00:21:01,632 - INFO - Successfully fetched movie/980431/credits
2026-04-28 00:21:01,930 - INFO - Successfully fetched movie/936075
2026-04-28 00:21:02,205 - INFO - Successfully fetched movie/936075/credits
2026-04-28 00:21:02,410 - INFO - Successfully fetched movie/83533
2026-04-28 00:21:02,595 - INFO - Successfully fetched movie/83533/credits
2026-04-28 00:21:02,834 - INFO - Successfully fetched movie/1613798
2026-04-28 00:21:03,174 - INFO - Successfully fetched movie/1613798/credits
2026-04-28 00:21:03,344 - INFO - Successfully fetched movie/1352874
2026-04-28 00:21:03,586 - INFO - Successfully fetched movie/1352874/credits
2026-04-28 00:21:03,902 - INFO - Successfully fetched movie/1327819
2026-04-28 00:21:04,265 - INFO - Successfully fetched movie/1327819/credits
2026-04-28 00:21:04,330 - INFO - Successfully fetched movie/1290821
2026-04-28 00:21:04,585 - INFO - Successfully fetched movie/1290821/credits
2026-04-28 00:21:04,834 - INFO - Successfully fetched movie/687163
2026-04-28 00:21:05,090 - INFO - Successfully fetched movie/687163/credits
2026-04-28 00:21:05,332 - INFO - Successfully fetched movie/1470130
2026-04-28 00:21:05,584 - INFO - Successfully fetched movie/1470130/credits
2026-04-28 00:21:05,838 - INFO - Successfully fetched movie/1171145
2026-04-28 00:21:06,089 - INFO - Successfully fetched movie/1171145/credits
2026-04-28 00:21:06,403 - INFO - Successfully fetched movie/1297842
2026-04-28 00:21:06,593 - INFO - Successfully fetched movie/1297842/credits
2026-04-28 00:21:07,021 - INFO - Successfully fetched movie/1311031
2026-04-28 00:21:07,161 - INFO - Successfully fetched movie/1311031/credits
2026-04-28 00:21:07,337 - INFO - Successfully fetched movie/1641319
2026-04-28 00:21:07,700 - INFO - Successfully fetched movie/1641319/credits
2026-04-28 00:21:08,046 - INFO - Successfully fetched movie/1601797
2026-04-28 00:21:08,161 - INFO - Successfully fetched movie/1601797/credits
2026-04-28 00:21:08,341 - INFO - Successfully fetched movie/1084242
2026-04-28 00:21:08,614 - INFO - Successfully fetched movie/1084242/credits
2026-04-28 00:21:08,846 - INFO - Successfully fetched movie/1290417
2026-04-28 00:21:09,094 - INFO - Successfully fetched movie/1290417/credits
2026-04-28 00:21:09,417 - INFO - Successfully fetched movie/popular
2026-04-28 00:21:09,593 - INFO - Successfully fetched movie/350
2026-04-28 00:21:09,910 - INFO - Successfully fetched movie/350/credits
2026-04-28 00:21:10,095 - INFO - Successfully fetched movie/10867
2026-04-28 00:21:10,414 - INFO - Successfully fetched movie/10867/credits
2026-04-28 00:21:10,600 - INFO - Successfully fetched movie/1084577
2026-04-28 00:21:10,852 - INFO - Successfully fetched movie/1084577/credits
2026-04-28 00:21:11,101 - INFO - Successfully fetched movie/1010755
2026-04-28 00:21:11,349 - INFO - Successfully fetched movie/1010755/credits
2026-04-28 00:21:11,599 - INFO - Successfully fetched movie/1304313
2026-04-28 00:21:11,915 - INFO - Successfully fetched movie/1304313/credits
2026-04-28 00:21:12,151 - INFO - Successfully fetched movie/1419406
2026-04-28 00:21:12,351 - INFO - Successfully fetched movie/1419406/credits
2026-04-28 00:21:12,669 - INFO - Successfully fetched movie/1159559
2026-04-28 00:21:12,854 - INFO - Successfully fetched movie/1159559/credits
2026-04-28 00:21:13,102 - INFO - Successfully fetched movie/840464
2026-04-28 00:21:13,417 - INFO - Successfully fetched movie/840464/credits
2026-04-28 00:21:13,604 - INFO - Successfully fetched movie/1368166
2026-04-28 00:21:13,928 - INFO - Successfully fetched movie/1368166/credits
2026-04-28 00:21:14,168 - INFO - Successfully fetched movie/1242898
2026-04-28 00:21:14,358 - INFO - Successfully fetched movie/1242898/credits
2026-04-28 00:21:14,676 - INFO - Successfully fetched movie/1207162
2026-04-28 00:21:14,922 - INFO - Successfully fetched movie/1207162/credits
2026-04-28 00:21:15,111 - INFO - Successfully fetched movie/502356
2026-04-28 00:21:15,368 - INFO - Successfully fetched movie/502356/credits
2026-04-28 00:21:15,609 - INFO - Successfully fetched movie/157336
2026-04-28 00:21:15,989 - INFO - Successfully fetched movie/157336/credits
2026-04-28 00:21:16,109 - INFO - Successfully fetched movie/440249
2026-04-28 00:21:16,425 - INFO - Successfully fetched movie/440249/credits
2026-04-28 00:21:16,675 - INFO - Successfully fetched movie/1480387
2026-04-28 00:21:16,863 - INFO - Successfully fetched movie/1480387/credits
2026-04-28 00:21:17,116 - INFO - Successfully fetched movie/1107166
2026-04-28 00:21:17,368 - INFO - Successfully fetched movie/1107166/credits
2026-04-28 00:21:17,676 - INFO - Successfully fetched movie/1234731
2026-04-28 00:21:17,936 - INFO - Successfully fetched movie/1234731/credits
2026-04-28 00:21:18,111 - INFO - Successfully fetched movie/755898
2026-04-28 00:21:18,367 - INFO - Successfully fetched movie/755898/credits
2026-04-28 00:21:18,683 - INFO - Successfully fetched movie/1193501
2026-04-28 00:21:18,929 - INFO - Successfully fetched movie/1193501/credits
2026-04-28 00:21:19,311 - INFO - Successfully fetched movie/1499885
2026-04-28 00:21:19,363 - INFO - Successfully fetched movie/1499885/credits
2026-04-28 00:21:19,680 - INFO - Successfully fetched movie/popular
2026-04-28 00:21:19,932 - INFO - Successfully fetched movie/120
2026-04-28 00:21:20,122 - INFO - Successfully fetched movie/120/credits
2026-04-28 00:21:20,370 - INFO - Successfully fetched movie/1265609
2026-04-28 00:21:20,620 - INFO - Successfully fetched movie/1265609/credits
2026-04-28 00:21:20,935 - INFO - Successfully fetched movie/1270125
2026-04-28 00:21:21,121 - INFO - Successfully fetched movie/1270125/credits
2026-04-28 00:21:21,437 - INFO - Successfully fetched movie/1115544
2026-04-28 00:21:21,625 - INFO - Successfully fetched movie/1115544/credits
2026-04-28 00:21:21,924 - INFO - Successfully fetched movie/122
2026-04-28 00:21:22,126 - INFO - Successfully fetched movie/122/credits
2026-04-28 00:21:22,440 - INFO - Successfully fetched movie/1433828
2026-04-28 00:21:22,626 - INFO - Successfully fetched movie/1433828/credits
2026-04-28 00:21:22,873 - INFO - Successfully fetched movie/848116
2026-04-28 00:21:23,127 - INFO - Successfully fetched movie/848116/credits
2026-04-28 00:21:23,440 - INFO - Successfully fetched movie/634649
2026-04-28 00:21:23,634 - INFO - Successfully fetched movie/634649/credits
2026-04-28 00:21:23,878 - INFO - Successfully fetched movie/1659087
2026-04-28 00:21:24,129 - INFO - Successfully fetched movie/1659087/credits
2026-04-28 00:21:24,381 - INFO - Successfully fetched movie/7451
2026-04-28 00:21:24,705 - INFO - Successfully fetched movie/7451/credits
2026-04-28 13:30:40,887 - INFO - Successfully fetched movie/popular
2026-04-28 13:30:40,994 - INFO - Successfully fetched movie/1318447
2026-04-28 13:30:41,318 - INFO - Successfully fetched movie/1318447/credits
2026-04-28 13:30:41,496 - INFO - Successfully fetched movie/1226863
2026-04-28 13:30:41,755 - INFO - Successfully fetched movie/1226863/credits
2026-04-28 13:30:41,998 - INFO - Successfully fetched movie/1198994
2026-04-28 13:30:42,247 - INFO - Successfully fetched movie/1198994/credits
2026-04-28 13:30:42,552 - INFO - Successfully fetched movie/1523145
2026-04-28 13:30:42,752 - INFO - Successfully fetched movie/1523145/credits
2026-04-28 13:30:42,994 - INFO - Successfully fetched movie/936075
2026-04-28 13:30:43,374 - INFO - Successfully fetched movie/936075/credits
2026-04-28 13:30:43,498 - INFO - Successfully fetched movie/980431
2026-04-28 13:30:43,885 - INFO - Successfully fetched movie/980431/credits
2026-04-28 13:30:44,000 - INFO - Successfully fetched movie/83533
2026-04-28 13:30:44,303 - INFO - Successfully fetched movie/83533/credits
2026-04-28 13:30:44,600 - INFO - Successfully fetched movie/1613798
2026-04-28 13:30:44,806 - INFO - Successfully fetched movie/1613798/credits
2026-04-28 13:30:45,115 - INFO - Successfully fetched movie/687163
2026-04-28 13:30:45,261 - INFO - Successfully fetched movie/687163/credits
2026-04-28 13:30:45,524 - INFO - Successfully fetched movie/1327819
2026-04-28 13:30:45,752 - INFO - Successfully fetched movie/1327819/credits
2026-04-28 13:30:46,004 - INFO - Successfully fetched movie/1352874
2026-04-28 13:30:46,257 - INFO - Successfully fetched movie/1352874/credits
2026-04-28 13:30:46,503 - INFO - Successfully fetched movie/1290821
2026-04-28 13:30:46,796 - INFO - Successfully fetched movie/1290821/credits
2026-04-28 13:30:47,910 - INFO - Successfully fetched movie/1297842
2026-04-28 13:30:48,036 - INFO - Successfully fetched movie/1297842/credits
2026-04-28 13:30:48,293 - INFO - Successfully fetched movie/1171145
2026-04-28 13:30:48,517 - INFO - Successfully fetched movie/1171145/credits
2026-04-28 13:30:48,826 - INFO - Successfully fetched movie/1470130
2026-04-28 13:30:49,030 - INFO - Successfully fetched movie/1470130/credits
2026-04-28 13:30:49,340 - INFO - Successfully fetched movie/1311031
2026-04-28 13:30:49,529 - INFO - Successfully fetched movie/1311031/credits
2026-04-28 13:30:49,824 - INFO - Successfully fetched movie/1292695
2026-04-28 13:30:50,137 - INFO - Successfully fetched movie/1292695/credits
2026-04-28 13:30:50,283 - INFO - Successfully fetched movie/10867
2026-04-28 13:30:50,578 - INFO - Successfully fetched movie/10867/credits
2026-04-28 13:30:50,777 - INFO - Successfully fetched movie/1601797
2026-04-28 13:30:51,259 - INFO - Successfully fetched movie/1601797/credits
2026-04-28 13:30:51,379 - INFO - Successfully fetched movie/350
2026-04-28 13:30:51,622 - INFO - Successfully fetched movie/350/credits
2026-04-28 13:30:51,999 - INFO - Successfully fetched movie/popular
2026-04-28 13:30:52,128 - INFO - Successfully fetched movie/1641319
2026-04-28 13:30:52,494 - INFO - Successfully fetched movie/1641319/credits
2026-04-28 13:30:52,626 - INFO - Successfully fetched movie/1084242
2026-04-28 13:30:53,001 - INFO - Successfully fetched movie/1084242/credits
2026-04-28 13:30:53,122 - INFO - Successfully fetched movie/1290417
2026-04-28 13:30:53,370 - INFO - Successfully fetched movie/1290417/credits
2026-04-28 13:30:53,620 - INFO - Successfully fetched movie/1304313
2026-04-28 13:30:53,873 - INFO - Successfully fetched movie/1304313/credits
2026-04-28 13:30:54,121 - INFO - Successfully fetched movie/1084577
2026-04-28 13:30:54,375 - INFO - Successfully fetched movie/1084577/credits
2026-04-28 13:30:54,750 - INFO - Successfully fetched movie/1207162
2026-04-28 13:30:54,928 - INFO - Successfully fetched movie/1207162/credits
2026-04-28 13:30:55,123 - INFO - Successfully fetched movie/1159559
2026-04-28 13:30:55,383 - INFO - Successfully fetched movie/1159559/credits
2026-04-28 13:30:55,629 - INFO - Successfully fetched movie/1419406
2026-04-28 13:30:55,879 - INFO - Successfully fetched movie/1419406/credits
2026-04-28 13:30:56,131 - INFO - Successfully fetched movie/1242898
2026-04-28 13:30:56,381 - INFO - Successfully fetched movie/1242898/credits
2026-04-28 13:30:56,621 - INFO - Successfully fetched movie/1368166
2026-04-28 13:30:56,870 - INFO - Successfully fetched movie/1368166/credits
2026-04-28 13:30:57,126 - INFO - Successfully fetched movie/1010755
2026-04-28 13:30:57,392 - INFO - Successfully fetched movie/1010755/credits
2026-04-28 13:30:57,867 - INFO - Successfully fetched movie/440249
2026-04-28 13:30:58,022 - INFO - Successfully fetched movie/440249/credits
2026-04-28 13:30:58,227 - INFO - Successfully fetched movie/502356
2026-04-28 13:30:58,531 - INFO - Successfully fetched movie/502356/credits
2026-04-28 13:30:58,727 - INFO - Successfully fetched movie/840464
2026-04-28 13:30:58,971 - INFO - Successfully fetched movie/840464/credits
2026-04-28 13:30:59,346 - INFO - Successfully fetched movie/1107166
2026-04-28 13:30:59,552 - INFO - Successfully fetched movie/1107166/credits
2026-04-28 13:30:59,720 - INFO - Successfully fetched movie/157336
2026-04-28 13:30:59,994 - INFO - Successfully fetched movie/157336/credits
2026-04-28 13:31:00,230 - INFO - Successfully fetched movie/1499885
2026-04-28 13:31:00,484 - INFO - Successfully fetched movie/1499885/credits
2026-04-28 13:31:00,736 - INFO - Successfully fetched movie/755898
2026-04-28 13:31:00,982 - INFO - Successfully fetched movie/755898/credits
2026-04-28 13:31:01,312 - INFO - Successfully fetched movie/1234731
2026-04-28 13:31:01,702 - INFO - Successfully fetched movie/1234731/credits
2026-04-28 13:31:01,906 - INFO - Successfully fetched movie/1193501
2026-04-28 13:31:02,215 - INFO - Successfully fetched movie/1193501/credits
2026-04-28 13:31:02,328 - INFO - Successfully fetched movie/popular
2026-04-28 13:31:02,622 - INFO - Successfully fetched movie/1265609
2026-04-28 13:31:02,930 - INFO - Successfully fetched movie/1265609/credits
2026-04-28 13:31:03,079 - INFO - Successfully fetched movie/1270125
2026-04-28 13:31:03,328 - INFO - Successfully fetched movie/1270125/credits
2026-04-28 13:31:03,576 - INFO - Successfully fetched movie/1433828
2026-04-28 13:31:03,857 - INFO - Successfully fetched movie/1433828/credits
2026-04-28 13:31:03,983 - INFO - Successfully fetched movie/1193501
2026-04-28 13:31:04,263 - INFO - Successfully fetched movie/1193501/credits
2026-04-28 13:31:04,578 - INFO - Successfully fetched movie/848116
2026-04-28 13:31:04,879 - INFO - Successfully fetched movie/848116/credits
2026-04-28 13:31:05,080 - INFO - Successfully fetched movie/634649
2026-04-28 13:31:05,338 - INFO - Successfully fetched movie/634649/credits
2026-04-28 13:31:05,578 - INFO - Successfully fetched movie/1659087
2026-04-28 13:31:05,822 - INFO - Successfully fetched movie/1659087/credits
2026-04-28 13:31:06,126 - INFO - Successfully fetched movie/7451
2026-04-28 13:31:06,420 - INFO - Successfully fetched movie/7451/credits
2026-04-28 13:31:06,619 - INFO - Successfully fetched movie/73353
2026-04-28 13:31:07,030 - INFO - Successfully fetched movie/73353/credits
2026-04-28 13:31:07,137 - INFO - Successfully fetched movie/1367642
2026-04-28 13:31:07,540 - INFO - Successfully fetched movie/1367642/credits
